Read Count,Fraction,Clonal Sequence,Clonal Sequence Quality,CDR3 Min Quality,CDR3 Sequence,CDR3 Amino Acid Sequence,Clonal Type,Frame Shift,Stop Codon,Amino Acid Length,V segment,all V hits,D segment,all D hits,J segment,all J hits,C segment,all C hits
2082,0.2717306186374315,CAGTCTGCCCTGACTCAGCCAGCCTCCGTGTCTGGGTCTCCTGGACAGTCGATCACCATCTCCTGCACTGGAACCAGCAGTGACGTTGGTGCTTATAACTATGTCTCCTGGTATCAACAGCACCCAGGCAAAGCCCCCAAAGTCATGATTTATGATGTCACTAAGCGGCCCTCAGGGGTCTCTAGTCGCTTCTCTGGCTCCAAGTCTGGCAACACGGCCTCCCTGACCATCTCTGGGCTCCAGCCTCAGGACGAGGCTGATTATTACTGCAGCTCATATACAACCAGCAGTACTTTGGGGGTTTTCGGCGGAGGGACCAAGCTGACCGTCCTAG,IIIIIIIIIIIIIIIIIIIIIIIIIIIIIIIIIIIIIIIIIIIIIIIIIIIIIIIIIIIIIIIIIIIIIIIIIIIIIIIIIIIIIIIIIIIIIIIIIIIIIIIIIIIIIIIIIIIIIIIIIIIIIIIIIIIIIIIIIIIIIIIIIIIIIIIIIIIIIIIIIIIIIIIIIIIIIIIIIIIIIIIIIIIIIIIIIIIIIIIIIIIIIIIIIIIIIIIIIIIIIIIIIIIIIIIIIIIIIIIIIIIIIIIIIIIIIIIIIIIIIIIIIIIIIIIIIIIIIIIIIIIIIIIIIIIIIIIIIIIIIIIIIIIIIIIIIIIIIIIIIIIIIIIIIIIIII,40,TGCAGCTCATATACAACCAGCAGTACTTTGGGGGTTTTC,CSSYTTSSTLGVF,IGL,,,13,IGLV2-14,IGLV2-14;IGLV2-23;IGLV2-8,,,IGLJ3,IGLJ3;IGLJ2,IGLC7,IGLC7;IGLC2;IGLC3;IGLC6
781,0.10193161054554946,CAGTCTGCCCTGACTCAGCCTCCCTCCGCGTCCGGGTCTCCTGGACAGTCAGTCACCATCTCCTGCACTGGAACCAGCAGTGACGTTGGTGGTTATAATTATGTCTCCTGGTACCAACAGCACCCAGGCAAAGCCCCCAAACTCATGATTTATGAGGTCACTAAGCGGCCCTCAGGGGTCCCTGATCGCTTCTCTGGCTCCAAGTCTGGCAACACGGCCTCCCTGACCGTCTCTGGGCTCCAGGCTGAGGATGAGGCTGATTATTACTGCGGCTCATATGCAGGCAGTAACAATTTGGGGGTGTTCGGCGGAGGGACCAAGCTGACCGTCCTAG,IIIIIIIIIIIIIIIIIIIIIIIIIIIIIIIIIIIIIIIIIIIIIIIIIIIIIIIIIIIIIIIIIIIIIIIIIIIIIIIIIIIIIIIIIIIIIIIIIIIIIIIIIIIIIIIIIIIIIIIIIIIIIIIIIIIIIIIIIIIIIIIIIIIIIIIIIIIIIIIIIIIIIIIIIIIIIIIIIIIIIIIIIIIIIIIIIIIIIIIIIIIIIIIIIIIIIIIIIIIIIIIIIIIIIIIIIIIIIIIIIIIIIIIIIIIIIIIIIIIIIIIIIIIIIIIIIIIIIIIIIIIIIIIIIIIIIIIIIIIIIIIIIIIIIIIIIIIIIIIIIIIIIIIIIIIIII,40,TGCGGCTCATATGCAGGCAGTAACAATTTGGGGGTGTTC,CGSYAGSNNLGVF,IGL,,,13,IGLV2-8,IGLV2-8;IGLV2-11,,,IGLJ3,IGLJ3;IGLJ2,IGLC7,IGLC7;IGLC2;IGLC3;IGLC6
211,0.02753850169668494,TCCTATGTGCTGACTCAGCCACCCTCAGTGTCAGTGGCCCCAGGAAAGACGGCCACGATTACCTGTGGGGGAAACAACATTGGAAGTAAAACTGTGCACTGGTACCACCAGAAGCCAGGCCAGGCCCCTGTGCTGGTCATCTATTATGATAGCGACCGGCCCTCAGGGATCCCTGAGCGATTCTCTGGCTCCAACTCTGGGAACACGGCCACCCTGACCATCAGCAGGGTCGAAGCCGGGGATGAGGCCGACTATTACTGTCAGGTGTGGGATACTAGTAGTGCTCATTGGGTGTTCGGCGGAGGGACCAAGCTGACCGTCCTAG,IIIIIIIIIIIIIIIIIIIIIIIIIIIIIIIIIIIIIIIIIIIIIIIIIIIIIIIIIIIIIIIIIIIIIIIIIIIIIIIIIIIIIIIIIIIIIIIIIIIIIIIIIIIIIIIIIIIIIIIIIIIIIIIIIIIIIIIIIIIIIIIIIIIIIIIIIIIIIIIIIIIIIIIIIIIIIIIIIIIIIIIIIIIIIIIIIIIIIIIIIIIIIIIIIIIIIIIIIIIIIIIIIIIIIIIIIIIIIIIIIIIIIIIIIIIIIIIIIIIIIIIIIIIIIIIIIIIIIIIIIIIIIIIIIIIIIIIIIIIIIIIIIIIIIIIIIIIIIIIIIIIII,40,TGTCAGGTGTGGGATACTAGTAGTGCTCATTGGGTGTTC,CQVWDTSSAHWVF,IGL,,,13,IGLV3-21,IGLV3-21,,,IGLJ3,IGLJ3,IGLC7,IGLC7;IGLC2;IGLC3;IGLC6
204,0.02662490211433046,CAGTCTGCCCTGACTCAGCCTGCCTCCGTGTCTGGGTCTCCTGGACAGTCGATCACCATCTCCTGCACTGGAACCAGCAGTGATGTTGGAACTTATAACCTTGTCTCCTGGTACCAACAGCACCCAGGCAAAGCCCCCAAACTCATGATTTATGACGTCAATGAGCGGCCCTCAGGGGTTTCTAATCGCTTCTCTGGCTCCAAGTCTGGCAACACGGCCTCCCTGACAATTTCTGGGCTCCAGGCTGACGACGAGGCTAATTATTACTGCTGCTCATATGCAGGTAGTAGGACCCCGAATTGGGTGTTCGGCGGAGGGACCAAGCTGACCGTCCTAG,IIIIIIIIIIIIIIIIIIIIIIIIIIIIIIIIIIIIIIIIIIIIIIIIIIIIIIIIIIIIIIIIIIIIIIIIIIIIIIIIIIIIIIIIIIIIIIIIIIIIIIIIIIIIIIIIIIIIIIIIIIIIIIIIIIIIIIIIIIIIIIIIIIIIIIIIIIIIIIIIIIIIIIIIIIIIIIIIIIIIIIIIIIIIIIIIIIIIIIIIIIIIIIIIIIIIIIIIIIIIIIIIIIIIIIIIIIIIIIIIIIIIIIIIIIIIIIIIIIIIIIIIIIIIIIIIIIIIIIIIIIIIIIIIIIIIIIIIIIIIIIIIIIIIIIIIIIIIIIIIIIIIIIIIIIIIIIIII,40,TGCTGCTCATATGCAGGTAGTAGGACCCCGAATTGGGTGTTC,CCSYAGSRTPNWVF,IGL,,,14,IGLV2-23,IGLV2-23;IGLV2-14,,,IGLJ3,IGLJ3,IGLC7,IGLC7;IGLC2;IGLC3;IGLC6
169,0.02205690420255808,CAGTCTGCCCTGACTCAGCCTGCCTCCGTGTCTGGGTCTCCTGGACAGTCGATCACCATCTCCTGCACTGGAACCAGCAGTGACGTTGGTGGTTATAACTATGTCTCCTGGTACCAACAGCACCCAGGCAAAGCCCCCAAACTCATGATTTATGATGTCAGTAATCGGCCCTCAGGGGTTTCTAATCGCTTCTCTGGCTCCAAGTCTGGCAACACGGCCTCCCTGACCATCTCTGGGCTCCAGGCTGAGGACGAGGCTGATTATTACTGCAGCTCATATACAAGCAGCAACACTCTAAGATTCGGCGGAGGGACCAAGGTGACCGTCCTAG,IIIIIIIIIIIIIIIIIIIIIIIIIIIIIIIIIIIIIIIIIIIIIIIIIIIIIIIIIIIIIIIIIIIIIIIIIIIIIIIIIIIIIIIIIIIIIIIIIIIIIIIIIIIIIIIIIIIIIIIIIIIIIIIIIIIIIIIIIIIIIIIIIIIIIIIIIIIIIIIIIIIIIIIIIIIIIIIIIIIIIIIIIIIIIIIIIIIIIIIIIIIIIIIIIIIIIIIIIIIIIIIIIIIIIIIIIIIIIIIIIIIIIIIIIIIIIIIIIIIIIIIIIIIIIIIIIIIIIIIIIIIIIIIIIIIIIIIIIIIIIIIIIIIIIIIIIIIIIIIIIIIIIIIIIII,40,TGCAGCTCATATACAAGCAGCAACACTCTAAGATTC,CSSYTSSNTLRF,IGL,,,12,IGLV2-14,IGLV2-14;IGLV2-23;IGLV2-8,,,IGLJ2,IGLJ2;IGLJ3,IGLC7,IGLC7;IGLC2;IGLC3;IGLC6
137,0.017880448968937614,CAGTCTGTGCTGACTCAGCCACCCTCAGCGTCTGGGACCCCCGGGCAGAGGGTCATCATCTCTTGTTCTGGAAGCACCTCCAACATCGGAAGTTATGCTGTCAACTGGTACCAACAAATCCCAGGAACGGCCCCCAAACTCCTCGTCTCTACTAATAGTCAGCGGCCCTCAGGGGTCGCTGACCGATTCTCTGTCTCCAAGTCTGGCACCTCAGCCTCCCTGGCCATCAGTGGGCTCCAGTCTGAGGATGAGGCTACATATTACTGTGCTGCATGGGATGACAGCCTGAATGGTCATGTGGTTTTCGGCGGAGGGACCCAGCTGACCGTCCTAG,IIIIIIIIIIIIIIIIIIIIIIIIIIIIIIIIIIIIIIIIIIIIIIIIIIIIIIIIIIIIIIIIIIIIIIIIIIIIIIIIIIIIIIIIIIIIIIIIIIIIIIIIIIIIIIIIIIIIIIIIIIIIIIIIIIIIIIIIIIIIIIIIIIIIIIIIIIIIIIIIIIIIIIIIIIIIIIIIIIIIIIIIIIIIIIIIIIIIIIIIIIIIIIIIIIIIIIIIIIIIIIIIIIIIIIIIIIIIIIIIIIIIIIIIIIIIIIIIIIIIIIIIIIIIIIIIIIIIIIIIIIIIIIIIIIIIIIIIIIIIIIIIIIIIIIIIIIIIIIIIIIIIIIIIIIIIII,40,TGTGCTGCATGGGATGACAGCCTGAATGGTCATGTGGTTTTC,CAAWDDSLNGHVVF,IGL,,,14,IGLV1-44,IGLV1-44;IGLV1-47,,,IGLJ2,IGLJ2,IGLC7,IGLC7;IGLC2;IGLC3;IGLC6
127,0.016575306708431218,CAGTCTGCCCTGACTCAGCCTGCCTCCGTGTCTGGGTCTCCTGGACAGTCGATCGCCATCTCCTGCACCGGAACCAGCAGTGACGTTGGTGCCTATAACTTTGTCTCCTGGTACCAACAGTACCCAGACAAAGCCCCCAAACTCATGATTTATGATGTCAATAATCGGCCCTTAGGGGTTTCTGATCGCTTCTCTGGCTCCAAGTCTGGCAACACGGCCTCCCTGACCATCTCTGGGCTCCAGGCTGAGGACGAGGCTGATTATTACTGCACCTCACATTCAAGAACTAGCAGTCTCGTGGTATTCGGCGGAGGGACCAAACTGACCGTCCTAC,IIIIIIIIIIIIIIIIIIIIIIIIIIIIIIIIIIIIIIIIIIIIIIIIIIIIIIIIIIIIIIIIIIIIIIIIIIIIIIIIIIIIIIIIIIIIIIIIIIIIIIIIIIIIIIIIIIIIIIIIIIIIIIIIIIIIIIIIIIIIIIIIIIIIIIIIIIIIIIIIIIIIIIIIIIIIIIIIIIIIIIIIIIIIIIIIIIIIIIIIIIIIIIIIIIIIIIIIIIIIIIIIIIIIIIIIIIIIIIIIIIIIIIIIIIIIIIIIIIIIIIIIIIIIIIIIIIIIIIIIIIIIIIIIIIIIIIIIIIIIIIIIIIIIIIIIIIIIIIIIIIIIIIIIIIIIII,40,TGCACCTCACATTCAAGAACTAGCAGTCTCGTGGTATTC,CTSHSRTSSLVVF,IGL,,,13,IGLV2-14,IGLV2-14;IGLV2-23;IGLV2-8,,,IGLJ2,IGLJ2,IGLC7,IGLC7;IGLC2;IGLC3;IGLC6
125,0.01631427825632994,CAGTCTGTGCTGACGCAGCCGCCCTCAGTGTCTGGGGCCCCAGGGCAGAGCGTCACCATCCCCTGCACTGGGAGCGGCTCCAACATCGGGGCCGGCTATGATGTACACTGGTATCAGCAGGTTCCAGGAACAGCCCCCAAGGTCCTCATCCATGGTAACTCCAATCGGCCCTCAGGAGTCCCTGACCGATTCTCTGCCTCCAAGTCTGGCACCTCAGCCTCCCTGGCAGTCACTGGGCTCCAGGCTGCGGATGAGGCTGTTTACTACTGCCAGTCGTATGACAGCAGCCTGAGTGGTGTGGTCTTCGGCGGAGGGACCAAGCTGACCGTCCTGAG,IIIIIIIIIIIIIIIIIIIIIIIIIIIIIIIIIIIIIIIIIIIIIIIIIIIIIIIIIIIIIIIIIIIIIIIIIIIIIIIIIIIIIIIIIIIIIIIIIIIIIIIIIIIIIIIIIIIIIIIIIIIIIIIIIIIIIIIIIIIIIIIIIIIIIIIIIIIIIIIIIIIIIIIIIIIIIIIIIIIIIIIIIIIIIIIIIIIIIIIIIIIIIIIIIIIIIIIIIIIIIIIIIIIIIIIIIIIIIIIIIIIIIIIIIIIIIIIIIIIIIIIIIIIIIIIIIIIIIIIIIIIIIIIIIIIIIIIIIIIIIIIIIIIIIIIIIIIIIIIIIIIIIIIIIIIIIII,40,TGCCAGTCGTATGACAGCAGCCTGAGTGGTGTGGTCTTC,CQSYDSSLSGVVF,IGL,,,13,IGLV1-40,IGLV1-40,,,IGLJ2,IGLJ2;IGLJ3,IGLC7,IGLC7;IGLC2;IGLC3;IGLC6
124,0.0161837640302793,CAGTCTGTGCTGACGCAGCCGCCCTCAGTGTCTGGGGCCCCAGGGCAGAGGGTCACCATCTCCTGCACTGGGAGCAGCTCCAACCTCGGGGCACATTATGATGTACACTGGTACCAGCATCTTCCAGGAACAGCCCCCAAACTCGTCATCTATGGTAACAGCAATCGGCCCTCAGGGATCCCTGACCGATTCTCTGGCTCCAAGTCTGGCACCTCAGCCTCCCTGGCCATCACTGGGCTCCAGGCTGAGGATGAGGCTGATTATTATTGCCAGTCTTATGACAGAAGCCTGAGTGGCTCTGTGGTATTCGGCGGAGGGACCAAGCTGACCGTCCTAG,IIIIIIIIIIIIIIIIIIIIIIIIIIIIIIIIIIIIIIIIIIIIIIIIIIIIIIIIIIIIIIIIIIIIIIIIIIIIIIIIIIIIIIIIIIIIIIIIIIIIIIIIIIIIIIIIIIIIIIIIIIIIIIIIIIIIIIIIIIIIIIIIIIIIIIIIIIIIIIIIIIIIIIIIIIIIIIIIIIIIIIIIIIIIIIIIIIIIIIIIIIIIIIIIIIIIIIIIIIIIIIIIIIIIIIIIIIIIIIIIIIIIIIIIIIIIIIIIIIIIIIIIIIIIIIIIIIIIIIIIIIIIIIIIIIIIIIIIIIIIIIIIIIIIIIIIIIIIIIIIIIIIIIIIIIIIIIIII,40,TGCCAGTCTTATGACAGAAGCCTGAGTGGCTCTGTGGTATTC,CQSYDRSLSGSVVF,IGL,,,14,IGLV1-40,IGLV1-40;IGLV1-50,,,IGLJ2,IGLJ2;IGLJ3,IGLC7,IGLC7;IGLC2;IGLC3;IGLC6
123,0.01605324980422866,CAGTCTGCCCTGACTCAGCCTGCCTCCGTGTCTGGGTCTCCTGGACAGTCGATCACCATCTCCTGCACTGGAACCAGCAGTGATGTTGGAAGTTATAACCTTGTCTCCTGGTACCAACATCACCCAGGCAAAGCCCCCAAACTCATGATTTATGAGGGCACTAAGCGGCCCTCAGGGGTTTCTAATCGCTTCTCTGGCTCCAAGTCTGGCAACACGGCCTCCCTGACAATCTCTGGGCTCCAGGCTGACGACGAGGCTGATTATTACTGCTGCTCATATGCAGGTGTGACCACTTGGGTGTTCGGCGGAGGGACCAAGCTGACCGTCCTAG,IIIIIIIIIIIIIIIIIIIIIIIIIIIIIIIIIIIIIIIIIIIIIIIIIIIIIIIIIIIIIIIIIIIIIIIIIIIIIIIIIIIIIIIIIIIIIIIIIIIIIIIIIIIIIIIIIIIIIIIIIIIIIIIIIIIIIIIIIIIIIIIIIIIIIIIIIIIIIIIIIIIIIIIIIIIIIIIIIIIIIIIIIIIIIIIIIIIIIIIIIIIIIIIIIIIIIIIIIIIIIIIIIIIIIIIIIIIIIIIIIIIIIIIIIIIIIIIIIIIIIIIIIIIIIIIIIIIIIIIIIIIIIIIIIIIIIIIIIIIIIIIIIIIIIIIIIIIIIIIIIIIIIIIIIII,40,TGCTGCTCATATGCAGGTGTGACCACTTGGGTGTTC,CCSYAGVTTWVF,IGL,,,12,IGLV2-23,IGLV2-23,,,IGLJ3,IGLJ3,IGLC7,IGLC7;IGLC2;IGLC3;IGLC6
121,0.01579222135212738,CAGTCTGCCCTGACTCAGCCTGCCTCCGTGTCTGGGTCTCCTGGACAGTCGATCACCATCTCCTGCACTGGGACCAGCAGTGACGTTGGTGGTTATAACTATGTCTCGTGGTACCAACAACACCCAACCAAGGCCCCCAAACTCGTGATGTATGAAGTCAGTAAGAGGGCCTCATGGGTTTCTCATCGCTTCTCTGGCTCCAAGTCTGGCAACACGGCCTCCCTGACCATCTCTGGGCTCCAGGCTGAGGACGAGGCTCATTATCACTGCAGCTCATATACAAACATCAACACTTGGGTGTTCGGCGGAGGGACCAAGCTGACCGTCCTAG,IIIIIIIIIIIIIIIIIIIIIIIIIIIIIIIIIIIIIIIIIIIIIIIIIIIIIIIIIIIIIIIIIIIIIIIIIIIIIIIIIIIIIIIIIIIIIIIIIIIIIIIIIIIIIIIIIIIIIIIIIIIIIIIIIIIIIIIIIIIIIIIIIIIIIIIIIIIIIIIIIIIIIIIIIIIIIIIIIIIIIIIIIIIIIIIIIIIIIIIIIIIIIIIIIIIIIIIIIIIIIIIIIIIIIIIIIIIIIIIIIIIIIIIIIIIIIIIIIIIIIIIIIIIIIIIIIIIIIIIIIIIIIIIIIIIIIIIIIIIIIIIIIIIIIIIIIIIIIIIIIIIIIIIIIII,40,TGCAGCTCATATACAAACATCAACACTTGGGTGTTC,CSSYTNINTWVF,IGL,,,12,IGLV2-14,IGLV2-14;IGLV2-8;IGLV2-23,,,IGLJ3,IGLJ3,IGLC7,IGLC7;IGLC2;IGLC3;IGLC6
115,0.015009135995823545,CAGGCTGCCCTGACTCAGCCTGCCTCCGTGTCTGGGTCTCCTGGACAGTCGCTCACCATCTCCTGCACTGGAACCAGCAGTGATGTTGGGACTTATAGCCTTGTCTCCTGGTATCAACAACACCCAGGCAGAGCCCCCCGACTCATCATTTATGACGTCAATGAGCGACCCTCAGGGGTTTCTAATCGCTTCTCTGGCTCCAAGTCTGGCAACACGGCCTCCCTGACTATCTCTCGGCTCCAGGCTGAGGACGAGGCTGATTATTTCTGCTGCTCATATGCAGGTACTAACACCCCGAATTGGGTGTTCGGCGGAGGGACCAAGCTGACCGTCCTAA,IIIIIIIIIIIIIIIIIIIIIIIIIIIIIIIIIIIIIIIIIIIIIIIIIIIIIIIIIIIIIIIIIIIIIIIIIIIIIIIIIIIIIIIIIIIIIIIIIIIIIIIIIIIIIIIIIIIIIIIIIIIIIIIIIIIIIIIIIIIIIIIIIIIIIIIIIIIIIIIIIIIIIIIIIIIIIIIIIIIIIIIIIIIIIIIIIIIIIIIIIIIIIIIIIIIIIIIIIIIIIIIIIIIIIIIIIIIIIIIIIIIIIIIIIIIIIIIIIIIIIIIIIIIIIIIIIIIIIIIIIIIIIIIIIIIIIIIIIIIIIIIIIIIIIIIIIIIIIIIIIIIIIIIIIIIIIIIII,40,TGCTGCTCATATGCAGGTACTAACACCCCGAATTGGGTGTTC,CCSYAGTNTPNWVF,IGL,,,14,IGLV2-23,IGLV2-23;IGLV2-14,,,IGLJ3,IGLJ3,IGLC7,IGLC7;IGLC2;IGLC3;IGLC6
115,0.015009135995823545,CAGTCTGTGTTGACGCAGCCGCCCTCAGTGTCTGCGGCCCCAGGACAGAGCGTCACCATCGCCTGCTCTGGAAGCAGCTTCAACATTGGGAAGAATTATGTTTCCTGGTATCAGCAGTTCCCAGGAACAGCCCCCAAACTCCTCATTTATGACAATCATAAGCGACCCTCCGGGATCCCTGACCGATTCTCTGGCTCCAAGTCTGGCACGTCAGCCACCCTGGACATCACCGGACTCCTGACTGGGGACGAGGCCACTTATTACTGCGGAACATGGGACAGCAGCCTGAGTCTTGGGGTGTTCGGCGGAGGGACCACGCTGACCGTCCTAG,IIIIIIIIIIIIIIIIIIIIIIIIIIIIIIIIIIIIIIIIIIIIIIIIIIIIIIIIIIIIIIIIIIIIIIIIIIIIIIIIIIIIIIIIIIIIIIIIIIIIIIIIIIIIIIIIIIIIIIIIIIIIIIIIIIIIIIIIIIIIIIIIIIIIIIIIIIIIIIIIIIIIIIIIIIIIIIIIIIIIIIIIIIIIIIIIIIIIIIIIIIIIIIIIIIIIIIIIIIIIIIIIIIIIIIIIIIIIIIIIIIIIIIIIIIIIIIIIIIIIIIIIIIIIIIIIIIIIIIIIIIIIIIIIIIIIIIIIIIIIIIIIIIIIIIIIIIIIIIIIIIIIIIIIIII,40,TGCGGAACATGGGACAGCAGCCTGAGTCTTGGGGTGTTC,CGTWDSSLSLGVF,IGL,,,13,IGLV1-51,IGLV1-51,,,IGLJ3,IGLJ3,IGLC7,IGLC7;IGLC2;IGLC3;IGLC6
105,0.01370399373531715,CAGTCTGCCCTGACTCAGCCTGCCTCCGTGTCTGGGTCTCCTGGACAGTCGATCACCATCTCCTGCACTGGAACCAGCAGTGACGTTGGTGCTTATAACTACGTCTCCTGGTACCAACAACACCCAGGCAAAGCCCCCAAACTCATGATTTATGATGTCAGTAAGCGGCCCTCAGGGGTTTCTAATCGCTTCGCTGGCTCCAAGTCTGGCAACACGGCCTCCCTGACCATCTCTGGGCTCCAGGCTGTGGACGAGGCTGATTATTACTGCAGCTCAAAAACAAGCGACAGCACCCTATTCGGCGGAGGGACCAAGCTGACCGTCCTAG,IIIIIIIIIIIIIIIIIIIIIIIIIIIIIIIIIIIIIIIIIIIIIIIIIIIIIIIIIIIIIIIIIIIIIIIIIIIIIIIIIIIIIIIIIIIIIIIIIIIIIIIIIIIIIIIIIIIIIIIIIIIIIIIIIIIIIIIIIIIIIIIIIIIIIIIIIIIIIIIIIIIIIIIIIIIIIIIIIIIIIIIIIIIIIIIIIIIIIIIIIIIIIIIIIIIIIIIIIIIIIIIIIIIIIIIIIIIIIIIIIIIIIIIIIIIIIIIIIIIIIIIIIIIIIIIIIIIIIIIIIIIIIIIIIIIIIIIIIIIIIIIIIIIIIIIIIIIIIIIIIIIIIIII,40,TGCAGCTCAAAAACAAGCGACAGCACCCTATTC,CSSKTSDSTLF,IGL,,,11,IGLV2-14,IGLV2-14;IGLV2-23;IGLV2-8,,,IGLJ2,IGLJ2;IGLJ3,IGLC7,IGLC7;IGLC2;IGLC3;IGLC6
101,0.013181936831114592,CAGTCTGCCCTGACTCAGCCTGCCTCCGTGTCTGGGTCTCCTGGACAGTCGATCACCATCTCCTGCACTGGAACCAGCAGTGACGTTGGTGGTTATAACTATGTCTCCTGGTACCAACAGCACCCAGGCAAAGCCCCCAAACTCATGATTTATGATGTCTATAAGCGGCCCTCAGGGGTTTCTCATCGCTTCTCTGGCTCCAAGTCTGGCAACACGGCCTCCCTGACCATCTCTGGGCTCCAGGCTGAGGACGAGGCTGATTATTACTGCAGCTCATATACATGCAGCAGCACTGTCTTCGGAACTGGGACCAAGGTCTCCGTCCTAG,IIIIIIIIIIIIIIIIIIIIIIIIIIIIIIIIIIIIIIIIIIIIIIIIIIIIIIIIIIIIIIIIIIIIIIIIIIIIIIIIIIIIIIIIIIIIIIIIIIIIIIIIIIIIIIIIIIIIIIIIIIIIIIIIIIIIIIIIIIIIIIIIIIIIIIIIIIIIIIIIIIIIIIIIIIIIIIIIIIIIIIIIIIIIIIIIIIIIIIIIIIIIIIIIIIIIIIIIIIIIIIIIIIIIIIIIIIIIIIIIIIIIIIIIIIIIIIIIIIIIIIIIIIIIIIIIIIIIIIIIIIIIIIIIIIIIIIIIIIIIIIIIIIIIIIIIIIIIIIIIIIIIIIII,40,TGCAGCTCATATACATGCAGCAGCACTGTCTTC,CSSYTCSSTVF,IGL,,,11,IGLV2-14,IGLV2-14;IGLV2-23;IGLV2-8,,,IGLJ1,IGLJ1,IGLC1,IGLC1
98,0.012790394152962672,CAGTCTGTCCTGGCGCAGCCGCCCTCAGTGTCTGGGGCCCCAGGGCAGAGGGTCACCATCTCCTGCACTGGGAGCAGCTCCACAATCGGGGCAGGTTACGATGTACACTGGTACCAGCTGCGTCCAGGAACAGCCCCCAAACTCCTCATCCATGGTAACAACAATCGGCCCTCAGGGGTCCCTGACCGATTCTCTGGCTCCAAGTCTGGCACCTCAGCCTCCCTGGCCATCACTGGGCTCCAGGCTGAAGATGAGGCTGATTACTACTGCCAGTCCTATGACAACAGCCTGAGTGGTTATGTCTTCGGAACTGGGACCAAGGTCACCGTCCTAA,IIIIIIIIIIIIIIIIIIIIIIIIIIIIIIIIIIIIIIIIIIIIIIIIIIIIIIIIIIIIIIIIIIIIIIIIIIIIIIIIIIIIIIIIIIIIIIIIIIIIIIIIIIIIIIIIIIIIIIIIIIIIIIIIIIIIIIIIIIIIIIIIIIIIIIIIIIIIIIIIIIIIIIIIIIIIIIIIIIIIIIIIIIIIIIIIIIIIIIIIIIIIIIIIIIIIIIIIIIIIIIIIIIIIIIIIIIIIIIIIIIIIIIIIIIIIIIIIIIIIIIIIIIIIIIIIIIIIIIIIIIIIIIIIIIIIIIIIIIIIIIIIIIIIIIIIIIIIIIIIIIIIIIIIIIIIII,40,TGCCAGTCCTATGACAACAGCCTGAGTGGTTATGTCTTC,CQSYDNSLSGYVF,IGL,,,13,IGLV1-40,IGLV1-40,,,IGLJ1,IGLJ1,IGLC1,IGLC1
97,0.012659879926912034,CAGTCTGCCCTGACTCAGCCTGCCTCCGTGTCTGGGTCTCCTGGACAGTCGATCACCATCTCCTGCACTGGAACCAGCAGTGATGTTGGGAGTTATAACCTTGTCTCCTGGTACCAACAACACCCAGACAAAGCCCCCAAACTCATCATTTATGACGTCAATGAGCGGCCCTCAGGGGTTTCTAATCGCTTCTCTGGCTCCAAGTCTGGCAACACGGCCTCCCTGACAATCTCTGGGCTCCAGGCTGAGGACGAGGCTGATTATTACTGCTGCTCATATGCAGGAACTAACACCCCGAATTGGGTGTTCGGCGGAGGGACCAAGCTGACCGTCCTAG,IIIIIIIIIIIIIIIIIIIIIIIIIIIIIIIIIIIIIIIIIIIIIIIIIIIIIIIIIIIIIIIIIIIIIIIIIIIIIIIIIIIIIIIIIIIIIIIIIIIIIIIIIIIIIIIIIIIIIIIIIIIIIIIIIIIIIIIIIIIIIIIIIIIIIIIIIIIIIIIIIIIIIIIIIIIIIIIIIIIIIIIIIIIIIIIIIIIIIIIIIIIIIIIIIIIIIIIIIIIIIIIIIIIIIIIIIIIIIIIIIIIIIIIIIIIIIIIIIIIIIIIIIIIIIIIIIIIIIIIIIIIIIIIIIIIIIIIIIIIIIIIIIIIIIIIIIIIIIIIIIIIIIIIIIIIIIIIII,40,TGCTGCTCATATGCAGGAACTAACACCCCGAATTGGGTGTTC,CCSYAGTNTPNWVF,IGL,,,14,IGLV2-23,IGLV2-23;IGLV2-14,,,IGLJ3,IGLJ3,IGLC7,IGLC7;IGLC2;IGLC3;IGLC6
91,0.011876794570608196,CAGTCTGTGCTGACTCAGCCACCCTCAGCGTCTGGGACCCCCGGGCAGAGGGTCACCATCTCTTGTTCTGGAAGCAGCTCCAACATCGGAACTAATACTGTAAACTGGTACCAGCAGGTCCCAGGAACGGCCCCCAAACTCCTCATCTATAGTAATAATCAGCGGCCCTCAGGGGTCCCTGACCGATTCTCTGGCTCCAAGTCTGGCACCTCAGCCTCCCTGGCCATCAGTGGGCTCCAGTCTGAGGATGAGGCTGATTATTACTGTGCATCATGGGATGACAGCCTGAATGGTCACGTGTTCGGCGGAGGGACCACGCTGACCGTCCTAG,IIIIIIIIIIIIIIIIIIIIIIIIIIIIIIIIIIIIIIIIIIIIIIIIIIIIIIIIIIIIIIIIIIIIIIIIIIIIIIIIIIIIIIIIIIIIIIIIIIIIIIIIIIIIIIIIIIIIIIIIIIIIIIIIIIIIIIIIIIIIIIIIIIIIIIIIIIIIIIIIIIIIIIIIIIIIIIIIIIIIIIIIIIIIIIIIIIIIIIIIIIIIIIIIIIIIIIIIIIIIIIIIIIIIIIIIIIIIIIIIIIIIIIIIIIIIIIIIIIIIIIIIIIIIIIIIIIIIIIIIIIIIIIIIIIIIIIIIIIIIIIIIIIIIIIIIIIIIIIIIIIIIIIIIIII,40,TGTGCATCATGGGATGACAGCCTGAATGGTCACGTGTTC,CASWDDSLNGHVF,IGL,,,13,IGLV1-44,IGLV1-44;IGLV1-47,,,IGLJ3,IGLJ3;IGLJ2,IGLC7,IGLC7;IGLC2;IGLC3;IGLC6
89,0.011615766118506917,CAGTCTGCCCTGACTCAGCCTGCCTCCGTGTCGGGGTCTCCTGGACAGTCGATCACCATCTCCTGCACTGGAACCAGCAGTGATGTTGGGAATTATAATCTTGTCTCCTGGTACCAACAGTATCCAGGCAAAGCCCCCAAACTCATGATTTACGAGGGCACTAAGCGGCCCTCAGGGATTTCTAATCGCTTCTCTGGCTCCAAGTCTGGCAACACGGCCTCCCTGACAATCTCTGGGCTCCAGGCTGACGACGAGGCTGATTATTACTGCTGCTCATATGCAGGTAGTACCACTTGGGTGTTCGGCGGAGGGACCACACTGACCGTCCTAG,IIIIIIIIIIIIIIIIIIIIIIIIIIIIIIIIIIIIIIIIIIIIIIIIIIIIIIIIIIIIIIIIIIIIIIIIIIIIIIIIIIIIIIIIIIIIIIIIIIIIIIIIIIIIIIIIIIIIIIIIIIIIIIIIIIIIIIIIIIIIIIIIIIIIIIIIIIIIIIIIIIIIIIIIIIIIIIIIIIIIIIIIIIIIIIIIIIIIIIIIIIIIIIIIIIIIIIIIIIIIIIIIIIIIIIIIIIIIIIIIIIIIIIIIIIIIIIIIIIIIIIIIIIIIIIIIIIIIIIIIIIIIIIIIIIIIIIIIIIIIIIIIIIIIIIIIIIIIIIIIIIIIIIIIIII,40,TGCTGCTCATATGCAGGTAGTACCACTTGGGTGTTC,CCSYAGSTTWVF,IGL,,,12,IGLV2-23,IGLV2-23,,,IGLJ3,IGLJ3,IGLC7,IGLC7;IGLC2;IGLC3;IGLC6
88,0.011485251892456277,CAGTCTGCCCTGACTCAGCCTGCCTCCGTGTCTGGGTCTCCTGGACAGTCGATCACCATCTCCTGCACTGGAACCAGCAGTGACGTTGGTGCTTATGACTATGTCTCCTGGTACCAACAACACCCAGGCAAAGCCCCCAAACTCATGATTTATGATGTCAGTAAGCGACCCTCAGGGGTTTCTAATCGCTTCTCTGGCTCCAAGTCTGGCAACACGGCCTCCCTGACCATCTCTGGGCTCCAGGCTGAGGACGAGGCTGATTATTACTGCAGTTCATATACAAACAGCAATACTTTTGTCTTCGGCAGTGGGACCAAGGTCACCGTCCTAG,IIIIIIIIIIIIIIIIIIIIIIIIIIIIIIIIIIIIIIIIIIIIIIIIIIIIIIIIIIIIIIIIIIIIIIIIIIIIIIIIIIIIIIIIIIIIIIIIIIIIIIIIIIIIIIIIIIIIIIIIIIIIIIIIIIIIIIIIIIIIIIIIIIIIIIIIIIIIIIIIIIIIIIIIIIIIIIIIIIIIIIIIIIIIIIIIIIIIIIIIIIIIIIIIIIIIIIIIIIIIIIIIIIIIIIIIIIIIIIIIIIIIIIIIIIIIIIIIIIIIIIIIIIIIIIIIIIIIIIIIIIIIIIIIIIIIIIIIIIIIIIIIIIIIIIIIIIIIIIIIIIIIIIIIIII,40,TGCAGTTCATATACAAACAGCAATACTTTTGTCTTC,CSSYTNSNTFVF,IGL,,,12,IGLV2-14,IGLV2-14;IGLV2-23;IGLV2-8,,,IGLJ1,IGLJ1,IGLC1,IGLC1
87,0.011354737666405637,CAGTCTGTGCTGACTCAGCCACCCTCAGCGTCTGGGACCCCCGGACAGAGGGTCACCATCTCTTGTTCTGGAAGCAGTTCCAACATCGGAAGTTATACTGTAAACTGGTACCAGCAGCTCCCAGGAACGGCCCCCAGACTCCTCATCTATACTAATAATCAGCGGCCCTCAGGGGTCCCTGACCGATTCTCTGGCTCCAAGTCTGGCACCTCAGCCTCCCTGGCCATCAGTGGGCTCCAGTCTGAGGATGAGGCTGCTTATTACTGTGCAGCATGGGATGACAGCCTGAATGGTCATGTGGTTTTCGGCGGAGGGACCAAGCTGACCGTCCTAG,IIIIIIIIIIIIIIIIIIIIIIIIIIIIIIIIIIIIIIIIIIIIIIIIIIIIIIIIIIIIIIIIIIIIIIIIIIIIIIIIIIIIIIIIIIIIIIIIIIIIIIIIIIIIIIIIIIIIIIIIIIIIIIIIIIIIIIIIIIIIIIIIIIIIIIIIIIIIIIIIIIIIIIIIIIIIIIIIIIIIIIIIIIIIIIIIIIIIIIIIIIIIIIIIIIIIIIIIIIIIIIIIIIIIIIIIIIIIIIIIIIIIIIIIIIIIIIIIIIIIIIIIIIIIIIIIIIIIIIIIIIIIIIIIIIIIIIIIIIIIIIIIIIIIIIIIIIIIIIIIIIIIIIIIIIIIII,40,TGTGCAGCATGGGATGACAGCCTGAATGGTCATGTGGTTTTC,CAAWDDSLNGHVVF,IGL,,,14,IGLV1-44,IGLV1-44;IGLV1-47,,,IGLJ2,IGLJ2;IGLJ3,IGLC7,IGLC7;IGLC2;IGLC3;IGLC6
87,0.011354737666405637,CAGTCTGCCCTGACTCAGCCTGCCTCCGTGTCTGGGTCTCCTGGACAGTCGATCACCATCTCCTGCACTGGAACCAGCAGTGACGTTGGTGGTTATAAGTATGTCTCCTGGTACCAACAGCACCCAGGCAAAGCCCCCAAACTCATGATTTATGATGTCAGTAATCGGCCCTCAGGGGTTTCTAATCGCTTCTCTGGCTCCAAGTCTGGCAACACGGCCTCCCTGACCATCTCTAGGCTCCACGCTGAGGACGAGGCTGATTATTACTGCAGCTCATATACAAGCAGCAGCACTCTCGTGGTATTCGGCGGAGGGACCAAGCTGACCGTCCTAG,IIIIIIIIIIIIIIIIIIIIIIIIIIIIIIIIIIIIIIIIIIIIIIIIIIIIIIIIIIIIIIIIIIIIIIIIIIIIIIIIIIIIIIIIIIIIIIIIIIIIIIIIIIIIIIIIIIIIIIIIIIIIIIIIIIIIIIIIIIIIIIIIIIIIIIIIIIIIIIIIIIIIIIIIIIIIIIIIIIIIIIIIIIIIIIIIIIIIIIIIIIIIIIIIIIIIIIIIIIIIIIIIIIIIIIIIIIIIIIIIIIIIIIIIIIIIIIIIIIIIIIIIIIIIIIIIIIIIIIIIIIIIIIIIIIIIIIIIIIIIIIIIIIIIIIIIIIIIIIIIIIIIIIIIIIIIII,40,TGCAGCTCATATACAAGCAGCAGCACTCTCGTGGTATTC,CSSYTSSSTLVVF,IGL,,,13,IGLV2-14,IGLV2-14,,,IGLJ2,IGLJ2;IGLJ3,IGLC7,IGLC7;IGLC2;IGLC3;IGLC6
75,0.009788566953797965,CAGTCTGTGCTGACTCAGCCACCCTCAGCGTCTGGGACCCCCGGGCAGAGGGTCAGCATCTCTTGTTCTAGAAACAGCTCCAACATCGGAGGTAAATCTGTAAACTGCTACCGGCAACTCCCTGGATCGGCCCCCAAACTCCTCATCTATAGTGATGATCAGCGGCCCTCAGGGGTCCCTGACCGATTCTCTGGCTCCAAGTCTGGCACCTCAGCCTCCCTGGCCATCAGTGGGCTCCAGTCTGAGGATGAGGCTGATTATTACTGTGCAGCATGGGATGACAGCCTGATGAGGGTATTCGGCGGAGGGACCAAGCTGACCGTCCTAG,IIIIIIIIIIIIIIIIIIIIIIIIIIIIIIIIIIIIIIIIIIIIIIIIIIIIIIIIIIIIIIIIIIIIIIIIIIIIIIIIIIIIIIIIIIIIIIIIIIIIIIIIIIIIIIIIIIIIIIIIIIIIIIIIIIIIIIIIIIIIIIIIIIIIIIIIIIIIIIIIIIIIIIIIIIIIIIIIIIIIIIIIIIIIIIIIIIIIIIIIIIIIIIIIIIIIIIIIIIIIIIIIIIIIIIIIIIIIIIIIIIIIIIIIIIIIIIIIIIIIIIIIIIIIIIIIIIIIIIIIIIIIIIIIIIIIIIIIIIIIIIIIIIIIIIIIIIIIIIIIIIIIIIII,40,TGTGCAGCATGGGATGACAGCCTGATGAGGGTATTC,CAAWDDSLMRVF,IGL,,,12,IGLV1-44,IGLV1-44;IGLV1-47,,,IGLJ2,IGLJ2;IGLJ3,IGLC7,IGLC7;IGLC2;IGLC3;IGLC6
72,0.009397024275646046,CAGTCTGCCCTGACTCAGCCTGCCTCCGTGTCTGGGTCTCCTGGACAGTCGATCACCATCTCCTGCACTGGAACCAGCAGTGACGTTGGTGGTTATAACTATGTCTCCTGGTACCAACAGCACCCAGGCAAAGCCCCCAAACTCATGATTTATGATGTCAGTAATCGGCCCTCAGGGGTTTCTAATCGCTTCTCTGGCTCCAAGTCTGGCAACACGGCCTCCCTGACCATCTCTGGGCTCCAGGCTGAGGACGAGGCTGATTATTACTGCAGCTCATATACAAGCAGCAGCACTCCTGTGGTATTCGGCGGAGGGACCAAGCTGACCGTCCTAG,IIIIIIIIIIIIIIIIIIIIIIIIIIIIIIIIIIIIIIIIIIIIIIIIIIIIIIIIIIIIIIIIIIIIIIIIIIIIIIIIIIIIIIIIIIIIIIIIIIIIIIIIIIIIIIIIIIIIIIIIIIIIIIIIIIIIIIIIIIIIIIIIIIIIIIIIIIIIIIIIIIIIIIIIIIIIIIIIIIIIIIIIIIIIIIIIIIIIIIIIIIIIIIIIIIIIIIIIIIIIIIIIIIIIIIIIIIIIIIIIIIIIIIIIIIIIIIIIIIIIIIIIIIIIIIIIIIIIIIIIIIIIIIIIIIIIIIIIIIIIIIIIIIIIIIIIIIIIIIIIIIIIIIIIIIIIII,40,TGCAGCTCATATACAAGCAGCAGCACTCCTGTGGTATTC,CSSYTSSSTPVVF,IGL,,,13,IGLV2-14,IGLV2-14;IGLV2-8,,,IGLJ2,IGLJ2,IGLC7,IGLC7;IGLC2;IGLC3;IGLC6
71,0.009266510049595406,TCCTATGAGCTGACACAGCCATCCTCAGTGTCAGTGTCTCCGGGACAGACAGCCAGGATCACTTGCTCAGGAGATGTATTGGCAAAAAACTATGCTCGGTGGTTTCAGCAGAAGCCAGGCCAGGCCCCTCCACTGACGATTTATAAAGACTGTGAGCGGCCCTCAGGGATCCCTGAGCGATTCTCCGGCTCCAGCTCAGGGACCACAGTCACCTTGACCATCAGCGGGGCCCACGTTGAGGATGAGGCTGCCTATTGCTGTGACTCTGCGGCTGACAACAGTGCAGGGTGTTCGGCGGAGGGACCAAACTGACCGTCCTAG,IIIIIIIIIIIIIIIIIIIIIIIIIIIIIIIIIIIIIIIIIIIIIIIIIIIIIIIIIIIIIIIIIIIIIIIIIIIIIIIIIIIIIIIIIIIIIIIIIIIIIIIIIIIIIIIIIIIIIIIIIIIIIIIIIIIIIIIIIIIIIIIIIIIIIIIIIIIIIIIIIIIIIIIIIIIIIIIIIIIIIIIIIIIIIIIIIIIIIIIIIIIIIIIIIIIIIIIIIIIIIIIIIIIIIIIIIIIIIIIIIIIIIIIIIIIIIIIIIIIIIIIIIIIIIIIIIIIIIIIIIIIIIIIIIIIIIIIIIIIIIIIIIIIIIIIIIIIIIIIII,40,TGTGACTCTGCGGCTGACAACAGTGCAGGGTGTTC,CDSAAD_QCRVF,IGL,Frame Shift,,12,IGLV3-27,IGLV3-27,,,IGLJ3,IGLJ3,IGLC7,IGLC7;IGLC2;IGLC3;IGLC6
69,0.009005481597494126,TCCTATGTGCTGAGTCAGCCACCCTCAGTGTCGGTGGCCCCGGGAAAGACGGCCAGCATTACCTGTGGGGGATACAACATTGGAAGTAGAAGTGTGCACTGGTATCAGCAGAAGCCAGGCCAGGCCCCTGTGCTGGTCATCTATTATCATGGCGACCGGCCCTCAGGGATCCCTGAGCGATTCTCTGGCTCCAAGTCTGGGAACACGGCCACCCTGACCATCAGCAGGGTCGAAGTCGGGGATGAGGCCGACTATTACTGTCAGGTGTGGGATAGTGGTAGTGCTCTCGGGGTCTTCGGCGGAGGGACCAAGCTGACCGTCCTAG,IIIIIIIIIIIIIIIIIIIIIIIIIIIIIIIIIIIIIIIIIIIIIIIIIIIIIIIIIIIIIIIIIIIIIIIIIIIIIIIIIIIIIIIIIIIIIIIIIIIIIIIIIIIIIIIIIIIIIIIIIIIIIIIIIIIIIIIIIIIIIIIIIIIIIIIIIIIIIIIIIIIIIIIIIIIIIIIIIIIIIIIIIIIIIIIIIIIIIIIIIIIIIIIIIIIIIIIIIIIIIIIIIIIIIIIIIIIIIIIIIIIIIIIIIIIIIIIIIIIIIIIIIIIIIIIIIIIIIIIIIIIIIIIIIIIIIIIIIIIIIIIIIIIIIIIIIIIIIIIIIIIII,40,TGTCAGGTGTGGGATAGTGGTAGTGCTCTCGGGGTCTTC,CQVWDSGSALGVF,IGL,,,13,IGLV3-21,IGLV3-21,,,IGLJ3,IGLJ3;IGLJ2,IGLC7,IGLC7;IGLC2;IGLC3;IGLC6
68,0.008874967371443488,CAGTCTGTCCTGGCGCAGCCGCCCTCAGTGTCTGGGGCCCCAGGGCAGAGGGTCACCATCTCCTGCACTGGGAGCAGCTCCACAATCGGGGCAGGTTACGAGGTACACTGGTACCAGGTGCGTCCAGGAACAGCCCCCAAAGTCCTCATCCATGGTAACAACAATCGGCCCTCAGGGGTCCCTGACCGATTCTCTGGCTCCAAGTCTGGCACCTCAGCCTCCCTGGCCATCACTGGGCTCCAGGCTGAAGATGAGGCTGATTATTACTGCCAGTCCTATGACAACAGCCTGAGTGGTTATGTCTTCGGAACTGGGACCACGGTCACCGTCCTAA,IIIIIIIIIIIIIIIIIIIIIIIIIIIIIIIIIIIIIIIIIIIIIIIIIIIIIIIIIIIIIIIIIIIIIIIIIIIIIIIIIIIIIIIIIIIIIIIIIIIIIIIIIIIIIIIIIIIIIIIIIIIIIIIIIIIIIIIIIIIIIIIIIIIIIIIIIIIIIIIIIIIIIIIIIIIIIIIIIIIIIIIIIIIIIIIIIIIIIIIIIIIIIIIIIIIIIIIIIIIIIIIIIIIIIIIIIIIIIIIIIIIIIIIIIIIIIIIIIIIIIIIIIIIIIIIIIIIIIIIIIIIIIIIIIIIIIIIIIIIIIIIIIIIIIIIIIIIIIIIIIIIIIIIIIIIIII,40,TGCCAGTCCTATGACAACAGCCTGAGTGGTTATGTCTTC,CQSYDNSLSGYVF,IGL,,,13,IGLV1-40,IGLV1-40;IGLV1-50,,,IGLJ1,IGLJ1,IGLC1,IGLC1
66,0.008613938919342208,CAGTCTGCCCTGACTCAGCCTGCCTCCGTGTCTGGGTCTCCTGGACAGTCGATCACCCTCTCCTGCAGTGGAACCAGCAGTGATGTTGGGAGTTATAACCTTGTCTCCTGGTACCAACAGCACCCAGGCAAAGCCCCCAAACTCTTGATTTATGAGGTCAGTCAGCGGCCCTCAGGGGTTTCTAATCGCTTCTCTGGCTCCAAGTCTGGCTACACGGCCTCCCTGACAATCTCTGGGCTCCAGGCTGAGGACGAGGCTGATTATTACTGCTGCTCATATGCAGAGAGTCACACTTTCGTGTTCGGCGGGGGGACCAAGCTGACCGTCCTGG,IIIIIIIIIIIIIIIIIIIIIIIIIIIIIIIIIIIIIIIIIIIIIIIIIIIIIIIIIIIIIIIIIIIIIIIIIIIIIIIIIIIIIIIIIIIIIIIIIIIIIIIIIIIIIIIIIIIIIIIIIIIIIIIIIIIIIIIIIIIIIIIIIIIIIIIIIIIIIIIIIIIIIIIIIIIIIIIIIIIIIIIIIIIIIIIIIIIIIIIIIIIIIIIIIIIIIIIIIIIIIIIIIIIIIIIIIIIIIIIIIIIIIIIIIIIIIIIIIIIIIIIIIIIIIIIIIIIIIIIIIIIIIIIIIIIIIIIIIIIIIIIIIIIIIIIIIIIIIIIIIIIIIIIIIII,40,TGCTGCTCATATGCAGAGAGTCACACTTTCGTGTTC,CCSYAESHTFVF,IGL,,,12,IGLV2-23,IGLV2-23;IGLV2-14,,,IGLJ3,IGLJ3;IGLJ2,IGLC7,IGLC7;IGLC2;IGLC3;IGLC6
64,0.00835291046724093,CAGTCTGTGCTGACGCAGCCGCCCTCAGTGTCTGGGGCCCCAGGGCAGAGGATCACCATCTCCTGCACTGGGAGCAGCTCCGACATCGGGGCAGGTTATGATGTTCACTGGTACCAGCAGCTTCCAGGAACAGCCCCCAAACTCCTCATCTATGCTAACAACATTCGGCCCTCAGGGGTCCCTGACCGATTCTCTGGCTCCAAGTCTGGCACCTCAGCCTCCCTGGCCATCGCTGGGCTCCAGGCTGAGGATGAGGCTTATTATTACTGCCAGTCCTATGACAACAGCCTGCGTGGTTCCGTGTTCGGCGGAGGGACCAAGCTGACCGTCCTAG,IIIIIIIIIIIIIIIIIIIIIIIIIIIIIIIIIIIIIIIIIIIIIIIIIIIIIIIIIIIIIIIIIIIIIIIIIIIIIIIIIIIIIIIIIIIIIIIIIIIIIIIIIIIIIIIIIIIIIIIIIIIIIIIIIIIIIIIIIIIIIIIIIIIIIIIIIIIIIIIIIIIIIIIIIIIIIIIIIIIIIIIIIIIIIIIIIIIIIIIIIIIIIIIIIIIIIIIIIIIIIIIIIIIIIIIIIIIIIIIIIIIIIIIIIIIIIIIIIIIIIIIIIIIIIIIIIIIIIIIIIIIIIIIIIIIIIIIIIIIIIIIIIIIIIIIIIIIIIIIIIIIIIIIIIIIIII,40,TGCCAGTCCTATGACAACAGCCTGCGTGGTTCCGTGTTC,CQSYDNSLRGSVF,IGL,,,13,IGLV1-40,IGLV1-40,,,IGLJ3,IGLJ3;IGLJ2,IGLC7,IGLC7;IGLC2;IGLC3;IGLC6
64,0.00835291046724093,CAGTCTGTGCTGACGCAGCCGCCCTCAGTGTCTGGGGCCCCAGGACAGAGGGTCACCATCTCCTGCACTGGGAGCAACTCCAACATCGGGGCAGGTTATGATGTGCACTGGTACCAGCAACTTCCAGGGACAGCCCCCAAACTCCTCATCCATGGTAACAACAATCGGCCCTCAGGGGTCCCTGACCGATTCACTGGCTCCAAGTCTGGCACCTCAGCCTCCCTGGCCATCACTGGGCTCCAGGCTGAGGATGAGGCTGATTATTACTGCCAGTCCTATGACAACAGCCTGAGTGCTTATGTCTTCGGAAGTGGGGCCAAAGTCACCGTCCTAG,IIIIIIIIIIIIIIIIIIIIIIIIIIIIIIIIIIIIIIIIIIIIIIIIIIIIIIIIIIIIIIIIIIIIIIIIIIIIIIIIIIIIIIIIIIIIIIIIIIIIIIIIIIIIIIIIIIIIIIIIIIIIIIIIIIIIIIIIIIIIIIIIIIIIIIIIIIIIIIIIIIIIIIIIIIIIIIIIIIIIIIIIIIIIIIIIIIIIIIIIIIIIIIIIIIIIIIIIIIIIIIIIIIIIIIIIIIIIIIIIIIIIIIIIIIIIIIIIIIIIIIIIIIIIIIIIIIIIIIIIIIIIIIIIIIIIIIIIIIIIIIIIIIIIIIIIIIIIIIIIIIIIIIIIIIIIII,40,TGCCAGTCCTATGACAACAGCCTGAGTGCTTATGTCTTC,CQSYDNSLSAYVF,IGL,,,13,IGLV1-40,IGLV1-40,,,IGLJ1,IGLJ1,IGLC1,IGLC1
64,0.00835291046724093,CAGTCTGCCCTGACTCAGCCTGCCTCCGTGTCTGGGTCTCCTGGACAGTCGATCACCATTTCCTGCACTGGAACCAGCAGTGACGTTGGTGGTTATAACTATGTCTCGTGGTACCGACAATACCCAAGCAAAGCCCCCAAACTCATAATGTATGATGTCACTAAGCGGCCCTCATGGGTTTCTAATCGCTTCTCTGGCTCCAAGTCTGGCAACACGGCCTCCCTGACCATCTCTGGGCTCCAGGCTGAGGACGAGGCTGATTATCACTGCAGTTCATATACAAGCAGGAACACTTGGGTGTTCGGCGGAGGGACCAAGCTGACCGTCCTAG,IIIIIIIIIIIIIIIIIIIIIIIIIIIIIIIIIIIIIIIIIIIIIIIIIIIIIIIIIIIIIIIIIIIIIIIIIIIIIIIIIIIIIIIIIIIIIIIIIIIIIIIIIIIIIIIIIIIIIIIIIIIIIIIIIIIIIIIIIIIIIIIIIIIIIIIIIIIIIIIIIIIIIIIIIIIIIIIIIIIIIIIIIIIIIIIIIIIIIIIIIIIIIIIIIIIIIIIIIIIIIIIIIIIIIIIIIIIIIIIIIIIIIIIIIIIIIIIIIIIIIIIIIIIIIIIIIIIIIIIIIIIIIIIIIIIIIIIIIIIIIIIIIIIIIIIIIIIIIIIIIIIIIIIIIII,40,TGCAGTTCATATACAAGCAGGAACACTTGGGTGTTC,CSSYTSRNTWVF,IGL,,,12,IGLV2-14,IGLV2-14;IGLV2-23;IGLV2-8,,,IGLJ3,IGLJ3,IGLC7,IGLC7;IGLC2;IGLC3;IGLC6
64,0.00835291046724093,CAGTCTGCCCTGACTCAGCCTGCCTCCGTGTCTGGGTCTCCTGGACAGTCGATCACCATCTCCTGCACTGGAACCAGCAGTGACGTTGGTGGTTATAACTATGTCTCCTGGTACCAACAGCACCCAGGCAAAGCCCCCAAACTCATGATCTATGATGTCAGTAAGCGGCCCTCAGGGGTTTCTAATCGCTTCTCTGGCTCCAAGTCTGGCAACACGGCCTCCCTGACCATCTCTGGGCTCCAGGCTGAGGACGAGGCTGATTATTACTGCAGCTCATATACAAGCAGCAACACTTATGTCTTCGGCACTGGGACCAAGGTCACCGTCCTAG,IIIIIIIIIIIIIIIIIIIIIIIIIIIIIIIIIIIIIIIIIIIIIIIIIIIIIIIIIIIIIIIIIIIIIIIIIIIIIIIIIIIIIIIIIIIIIIIIIIIIIIIIIIIIIIIIIIIIIIIIIIIIIIIIIIIIIIIIIIIIIIIIIIIIIIIIIIIIIIIIIIIIIIIIIIIIIIIIIIIIIIIIIIIIIIIIIIIIIIIIIIIIIIIIIIIIIIIIIIIIIIIIIIIIIIIIIIIIIIIIIIIIIIIIIIIIIIIIIIIIIIIIIIIIIIIIIIIIIIIIIIIIIIIIIIIIIIIIIIIIIIIIIIIIIIIIIIIIIIIIIIIIIIIIIII,40,TGCAGCTCATATACAAGCAGCAACACTTATGTCTTC,CSSYTSSNTYVF,IGL,,,12,IGLV2-14,IGLV2-14;IGLV2-8;IGLV2-23,,,IGLJ1,IGLJ1,IGLC1,IGLC1
64,0.00835291046724093,TCCTATGAGCTGACACAGCCACCCTCGGTGTCAGTGTCCCCAGGACAGACGGCCAGGATCACCTGCTCTGGAGAACGATTGTCAAATCAAAATGCTTACTGGCACCAACAGAGGCCAGGCCTGGCCCCTGTATTGGTGATATATAAGGACAGTCAGAGGCCCTCAGGGATCTCTGAGCGATTCTCTGGCTCCAGCTCAGGGACAACAGTCACGTTGACCATCAGTGGAGTCCAGGCAGAAGATGAGGCTGACTATTACTGTCAATCAGCAGACAACAGTGGTTCTTCCCGAGTCTTCGGCGGAGGGACCAAGCTGACCGTCCTAG,IIIIIIIIIIIIIIIIIIIIIIIIIIIIIIIIIIIIIIIIIIIIIIIIIIIIIIIIIIIIIIIIIIIIIIIIIIIIIIIIIIIIIIIIIIIIIIIIIIIIIIIIIIIIIIIIIIIIIIIIIIIIIIIIIIIIIIIIIIIIIIIIIIIIIIIIIIIIIIIIIIIIIIIIIIIIIIIIIIIIIIIIIIIIIIIIIIIIIIIIIIIIIIIIIIIIIIIIIIIIIIIIIIIIIIIIIIIIIIIIIIIIIIIIIIIIIIIIIIIIIIIIIIIIIIIIIIIIIIIIIIIIIIIIIIIIIIIIIIIIIIIIIIIIIIIIIIIIIIIIIIIII,40,TGTCAATCAGCAGACAACAGTGGTTCTTCCCGAGTCTTC,CQSADNSGSSRVF,IGL,,,13,IGLV3-25,IGLV3-25,,,IGLJ2,IGLJ2;IGLJ3,IGLC7,IGLC7;IGLC2;IGLC3;IGLC6
63,0.00822239624119029,TCCTATGAGCTGACTCAGCCACCCTCAGTGTCCGTGTCCCCAGGACAGACAGCCAGCATCACCTGCTCTGGAGATAAATTGGGGGATAAATATGCTTGCTGGTATCAGCAGAAGCCAGGCCAGTCCCCTGTGTTGGTCATGTATCAAGATACTAAGCGGCCCTCAGGGATCCCTGAGCGATTCTCTGGCTCCAACTCTAGGAACACAGCCACTCTGACCATCAGCGGGACCCAGGGTATGGATGAGGCTGACTATTACTGTCAGGCGTGGGACAGCAGCACTGTGGTATTCGGCGGAGGGACCAAGCTGACCGTCCTAA,IIIIIIIIIIIIIIIIIIIIIIIIIIIIIIIIIIIIIIIIIIIIIIIIIIIIIIIIIIIIIIIIIIIIIIIIIIIIIIIIIIIIIIIIIIIIIIIIIIIIIIIIIIIIIIIIIIIIIIIIIIIIIIIIIIIIIIIIIIIIIIIIIIIIIIIIIIIIIIIIIIIIIIIIIIIIIIIIIIIIIIIIIIIIIIIIIIIIIIIIIIIIIIIIIIIIIIIIIIIIIIIIIIIIIIIIIIIIIIIIIIIIIIIIIIIIIIIIIIIIIIIIIIIIIIIIIIIIIIIIIIIIIIIIIIIIIIIIIIIIIIIIIIIIIIIIIIIIIII,40,TGTCAGGCGTGGGACAGCAGCACTGTGGTATTC,CQAWDSSTVVF,IGL,,,11,IGLV3-1,IGLV3-1,,,IGLJ2,IGLJ2,IGLC7,IGLC7;IGLC2;IGLC3;IGLC6
62,0.00809188201513965,CAGCTTGTGCTGACTCAATCGCCCTCTGCCTCTGCCTCCCTGGGAGACTCGGTCAAGCTCACCTGCACTCTGAGCAGGGGGCACAGCACCTACGCCATCGCATGGCATCAGCAGCAGCCAGAGAAGGGCCCCCGCTACTTGATGAAGGTTAACACTGATGGTGGCCAAAGCAAGGGGGACGGGATCCCAGATCGCTTCTCAGGCTCCAGCTCTGGGGCTGAGCGCTACCTCACCATCTCCAGCCTCCAGTCTGAGGATGAGGCTGACTATTACTGTCAGACCTGGGACACTGGCGCCCGAGGAGTGTTCGGCGGAGGGACCAAGCTGACCGTCCTAG,IIIIIIIIIIIIIIIIIIIIIIIIIIIIIIIIIIIIIIIIIIIIIIIIIIIIIIIIIIIIIIIIIIIIIIIIIIIIIIIIIIIIIIIIIIIIIIIIIIIIIIIIIIIIIIIIIIIIIIIIIIIIIIIIIIIIIIIIIIIIIIIIIIIIIIIIIIIIIIIIIIIIIIIIIIIIIIIIIIIIIIIIIIIIIIIIIIIIIIIIIIIIIIIIIIIIIIIIIIIIIIIIIIIIIIIIIIIIIIIIIIIIIIIIIIIIIIIIIIIIIIIIIIIIIIIIIIIIIIIIIIIIIIIIIIIIIIIIIIIIIIIIIIIIIIIIIIIIIIIIIIIIIIIIIIIIIIIII,40,TGTCAGACCTGGGACACTGGCGCCCGAGGAGTGTTC,CQTWDTGARGVF,IGL,,,12,IGLV4-69,IGLV4-69,,,IGLJ3,IGLJ3;IGLJ2,IGLC7,IGLC7;IGLC2;IGLC3;IGLC6
62,0.00809188201513965,CAGTCTGTGCTGACGCAGCCGCCCTCAGTGTCTGGGGCCCCAGGGCAGAGGATCACCATCTCCTGCACTGGGAGCAGCTCCGACATCGGGGCAGGTTATGATGTTCACTGGTACCAGCAGCTTCCAGGAACAGCCCCCAAACTCCTCATCTATGCTAACAACATTCGGCCCTCAGGGGTCCCTGACCGATTCTCTGGCTCCAAGTCTGGCACCTCAGCCTCCCTGGCCATCACTGGGCTCCAGGCTGAGGATGAGGCTTATTATTACTGCCAGTCCTATGACAACAGCCTGCGTGGTTCCGTGTTCGGCGGAGGGACCAAGCTGACCGTCCTAG,IIIIIIIIIIIIIIIIIIIIIIIIIIIIIIIIIIIIIIIIIIIIIIIIIIIIIIIIIIIIIIIIIIIIIIIIIIIIIIIIIIIIIIIIIIIIIIIIIIIIIIIIIIIIIIIIIIIIIIIIIIIIIIIIIIIIIIIIIIIIIIIIIIIIIIIIIIIIIIIIIIIIIIIIIIIIIIIIIIIIIIIIIIIIIIIIIIIIIIIIIIIIIIIIIIIIIIIIIIIIIIIIIIIIIIIIIIIIIIIIIIIIIIIIIIIIIIIIIIIIIIIIIIIIIIIIIIIIIIIIIIIIIIIIIIIIIIIIIIIIIIIIIIIIIIIIIIIIIIIIIIIIIIIIIIIIII,40,TGCCAGTCCTATGACAACAGCCTGCGTGGTTCCGTGTTC,CQSYDNSLRGSVF,IGL,,,13,IGLV1-40,IGLV1-40,,,IGLJ3,IGLJ3;IGLJ2,IGLC7,IGLC7;IGLC2;IGLC3;IGLC6
62,0.00809188201513965,TCCTATGAGCTGACACAGCCATCCTCAGTGTCAGTGTCTCCGGGACAGACAGCCAGGATCACCTGCTCAGGAGATGTACTGGCAAGAAAATATTCTCGGTGGCTCCAGCAGAAGCCAGGCCAGGCCCCTGTGGTGGTGATTTACAAAGGCACTGAGCGGCCCTCAGGGATCCCTGAGCGATTCTCCGGCTCCAGGTCAGGGACCACAGTCACCTTGACCATCAGCGGGGTCCAGGTCGAAGATGAGGCTGACTATTACTGTTACTCTCCGACTGACGGCAATTGGGTGTTCGGCGGAGGGACCACGCTGACCGTCCTAG,IIIIIIIIIIIIIIIIIIIIIIIIIIIIIIIIIIIIIIIIIIIIIIIIIIIIIIIIIIIIIIIIIIIIIIIIIIIIIIIIIIIIIIIIIIIIIIIIIIIIIIIIIIIIIIIIIIIIIIIIIIIIIIIIIIIIIIIIIIIIIIIIIIIIIIIIIIIIIIIIIIIIIIIIIIIIIIIIIIIIIIIIIIIIIIIIIIIIIIIIIIIIIIIIIIIIIIIIIIIIIIIIIIIIIIIIIIIIIIIIIIIIIIIIIIIIIIIIIIIIIIIIIIIIIIIIIIIIIIIIIIIIIIIIIIIIIIIIIIIIIIIIIIIIIIIIIIIIIII,40,TGTTACTCTCCGACTGACGGCAATTGGGTGTTC,CYSPTDGNWVF,IGL,,,11,IGLV3-27,IGLV3-27,,,IGLJ3,IGLJ3,IGLC7,IGLC7;IGLC2;IGLC3;IGLC6
61,0.00796136778908901,CAGTCTGCCCTGACTCAGCCTCCCTCCGCGTCCGGGTCTCGTGGACAGTCAGTCACCATCTCCTGCACTGGAGCCATCAGTGACGTTGGTGGTTATAACTATGTCTCCTGAGACCAAAAGCACCCAGGCAAAGCCCCCAAAATCATGATTTATGAGGTCACTAAGCGGCCCTCAGGGGTCCCTGATCGCTTCTCTGGCTCCAGGTCTGGCAACACGGCCTCCCTGACCGTCTCTGGGCTCCAGGCTGGGCATTAGTCTGATTATAGCTGCAGCTCATATGGAGGCAGCAACAATTGGTGTTCGGCGGAGGGACCAAGTTGACCGTCCTAG,IIIIIIIIIIIIIIIIIIIIIIIIIIIIIIIIIIIIIIIIIIIIIIIIIIIIIIIIIIIIIIIIIIIIIIIIIIIIIIIIIIIIIIIIIIIIIIIIIIIIIIIIIIIIIIIIIIIIIIIIIIIIIIIIIIIIIIIIIIIIIIIIIIIIIIIIIIIIIIIIIIIIIIIIIIIIIIIIIIIIIIIIIIIIIIIIIIIIIIIIIIIIIIIIIIIIIIIIIIIIIIIIIIIIIIIIIIIIIIIIIIIIIIIIIIIIIIIIIIIIIIIIIIIIIIIIIIIIIIIIIIIIIIIIIIIIIIIIIIIIIIIIIIIIIIIIIIIIIIIIIIIIIIIIII,40,TGCAGCTCATATGGAGGCAGCAACAATTGGTGTTC,CSSYGG_QQLVF,IGL,Frame Shift,,12,IGLV2-8,IGLV2-8,,,IGLJ3,IGLJ3;IGLJ2,IGLC7,IGLC7;IGLC2;IGLC3;IGLC6
60,0.007830853563038372,CAGTCTGCCCTGACTCAGCCTCGCTCAGTGTCCGGGTCTCCTGGACAGTCAGTCACCATCTCCTGCACTGGAACCAGCAGTGATGTTGGTGGTTATAACTATGTCTCCTGGTACCAACAGCACCCAGGCAAAGCCCCCAAACTCATGATTTATGATGTCAGTACGCGGCCCTCAGGGGTCCCTGATCGCTTCTCTGGCTCCAAGTCTGGCAACACGGCCTCCCTGACCATCTCTGGGCTCCAGGCTGAGGATGAGGCTGATTATTACTGCTGCTCATATGCAGGCAGCTACACTTTCGGCGGAGGGACCAAGCTGACCGTCCTAG,IIIIIIIIIIIIIIIIIIIIIIIIIIIIIIIIIIIIIIIIIIIIIIIIIIIIIIIIIIIIIIIIIIIIIIIIIIIIIIIIIIIIIIIIIIIIIIIIIIIIIIIIIIIIIIIIIIIIIIIIIIIIIIIIIIIIIIIIIIIIIIIIIIIIIIIIIIIIIIIIIIIIIIIIIIIIIIIIIIIIIIIIIIIIIIIIIIIIIIIIIIIIIIIIIIIIIIIIIIIIIIIIIIIIIIIIIIIIIIIIIIIIIIIIIIIIIIIIIIIIIIIIIIIIIIIIIIIIIIIIIIIIIIIIIIIIIIIIIIIIIIIIIIIIIIIIIIIIIIIIIIIII,40,TGCTGCTCATATGCAGGCAGCTACACTTTC,CCSYAGSYTF,IGL,,,10,IGLV2-11,IGLV2-11,,,IGLJ2,IGLJ2;IGLJ3,IGLC7,IGLC7;IGLC2;IGLC3;IGLC6
59,0.007700339336987732,TCCTATGAACTGATTCAGCCATCCTCAATGTCCGTGTCCCCAGGACAGACAGCCACCATCCCCTGCTCTGGAGATCAATTGGGGCATAAATATACTTCCTGGTTTCAGCAGAAGCCAGGCCAGTCCCCTGTGCTGGTCATCTATCAACATACCAAGCGGCCCTCAGGGATCCCTGAGCGATTCTCTGGCTCCAACTCTGGGAACACAGCCACTCTGACCATCACCGGGACCCAGACTATGGATGAGGCTGACTATTACTGTCAGGCGTGGGACAGTAGCACTGCGGTATTCGGCGGAGGGACCAAGCTGACCGTCCTAG,IIIIIIIIIIIIIIIIIIIIIIIIIIIIIIIIIIIIIIIIIIIIIIIIIIIIIIIIIIIIIIIIIIIIIIIIIIIIIIIIIIIIIIIIIIIIIIIIIIIIIIIIIIIIIIIIIIIIIIIIIIIIIIIIIIIIIIIIIIIIIIIIIIIIIIIIIIIIIIIIIIIIIIIIIIIIIIIIIIIIIIIIIIIIIIIIIIIIIIIIIIIIIIIIIIIIIIIIIIIIIIIIIIIIIIIIIIIIIIIIIIIIIIIIIIIIIIIIIIIIIIIIIIIIIIIIIIIIIIIIIIIIIIIIIIIIIIIIIIIIIIIIIIIIIIIIIIIIIII,40,TGTCAGGCGTGGGACAGTAGCACTGCGGTATTC,CQAWDSSTAVF,IGL,,,11,IGLV3-1,IGLV3-1,,,IGLJ2,IGLJ2,IGLC7,IGLC7;IGLC2;IGLC3;IGLC6
58,0.0075698251109370925,CAGTCTGTGCTGACTCAGCCAGCCTCAGCGTCTGGGACCCTCGGGCAGAGTGTCACCATCTCTTGTTCTGGAAGCAGCTCCAACATCGGACGTTTTAATGTTAACTGGTACCAGCAGTTCCCAGGAGCGGCCCCCAAACTCCTCATCTACAACGATGGTCAGCGGCCCTCAGGGGTCCCTGACCGATTCTCTGGCTCCAGGTCTGGCACCTCAGCCTCCCTGGCCATCAGTGGGCTCCAGTCTGAGGATGAGGCTGATTATTACTGTGCAGCGTGGGATGACAGCCTGCATGGTCATGTGGAGTTCGGCGGAGGGACCAAGCTGACCGTCCTAA,IIIIIIIIIIIIIIIIIIIIIIIIIIIIIIIIIIIIIIIIIIIIIIIIIIIIIIIIIIIIIIIIIIIIIIIIIIIIIIIIIIIIIIIIIIIIIIIIIIIIIIIIIIIIIIIIIIIIIIIIIIIIIIIIIIIIIIIIIIIIIIIIIIIIIIIIIIIIIIIIIIIIIIIIIIIIIIIIIIIIIIIIIIIIIIIIIIIIIIIIIIIIIIIIIIIIIIIIIIIIIIIIIIIIIIIIIIIIIIIIIIIIIIIIIIIIIIIIIIIIIIIIIIIIIIIIIIIIIIIIIIIIIIIIIIIIIIIIIIIIIIIIIIIIIIIIIIIIIIIIIIIIIIIIIIIIII,40,TGTGCAGCGTGGGATGACAGCCTGCATGGTCATGTGGAGTTC,CAAWDDSLHGHVEF,IGL,,,14,IGLV1-44,IGLV1-44;IGLV1-47,,,IGLJ2,IGLJ2;IGLJ3,IGLC7,IGLC7;IGLC2;IGLC3;IGLC6
58,0.0075698251109370925,AATTTTATGTTGACTCAGTCCCCCTCTGTGTCGGAGCCTCCGGGGAAGACAGTAACCATCTCCTGCACGCGCAGCAGTGGCAGCATCGCCAGCTACTATGTGCAGTGGTACCGGCAGCGCCCGGGCAGTTCCCCCAACATTGTGATATATGAGGATGATAAAAGACCCTCTGGGGTCCCTGATCGGTTCTCTGGCTCCATCGACAGCTCCTCCAACTCTGCCTCCCTCACCATCTCTGGACTGAAGACTGAGGACGAGGCTGATTATTACTGTCAGTCTTATGATGACACCGATCTCCTGGTGTTCGGCGGAGGGACCAAACTGACCGTCCTAG,IIIIIIIIIIIIIIIIIIIIIIIIIIIIIIIIIIIIIIIIIIIIIIIIIIIIIIIIIIIIIIIIIIIIIIIIIIIIIIIIIIIIIIIIIIIIIIIIIIIIIIIIIIIIIIIIIIIIIIIIIIIIIIIIIIIIIIIIIIIIIIIIIIIIIIIIIIIIIIIIIIIIIIIIIIIIIIIIIIIIIIIIIIIIIIIIIIIIIIIIIIIIIIIIIIIIIIIIIIIIIIIIIIIIIIIIIIIIIIIIIIIIIIIIIIIIIIIIIIIIIIIIIIIIIIIIIIIIIIIIIIIIIIIIIIIIIIIIIIIIIIIIIIIIIIIIIIIIIIIIIIIIIIIIIIIIII,40,TGTCAGTCTTATGATGACACCGATCTCCTGGTGTTC,CQSYDDTDLLVF,IGL,,,12,IGLV6-57,IGLV6-57,,,IGLJ3,IGLJ3;IGLJ2,IGLC7,IGLC7;IGLC2;IGLC3;IGLC6
58,0.0075698251109370925,CAGTCTGTGCTGACTCAGCCACCCTCAGCGTCTGGGACCCCCGGGCAGAGGGTCACCATCTCTTGTTCTGGAAGCAGCTCCAACATCGGAAGTAATTTTGTATACTGGTATCAGCAGCTCCCAGGAACGGCCCCCAAACTCCTCATCTATAGGAATAATCAGCGGCCCTCAGGGGTCCCTGACCGATTCTCTGGCTCCAAGTCTGGCACCTCAGCCTCCCTGGCCATCAGTGGGCTCCGGTCCGAGGATGGGGCTGATTTTTACTGTGCAGCATGGGATGACAGCCTGATTGGTTGGGTTTTCGGCGGAGGGACCAAGCTGACCGTCCTAG,IIIIIIIIIIIIIIIIIIIIIIIIIIIIIIIIIIIIIIIIIIIIIIIIIIIIIIIIIIIIIIIIIIIIIIIIIIIIIIIIIIIIIIIIIIIIIIIIIIIIIIIIIIIIIIIIIIIIIIIIIIIIIIIIIIIIIIIIIIIIIIIIIIIIIIIIIIIIIIIIIIIIIIIIIIIIIIIIIIIIIIIIIIIIIIIIIIIIIIIIIIIIIIIIIIIIIIIIIIIIIIIIIIIIIIIIIIIIIIIIIIIIIIIIIIIIIIIIIIIIIIIIIIIIIIIIIIIIIIIIIIIIIIIIIIIIIIIIIIIIIIIIIIIIIIIIIIIIIIIIIIIIIIIIIII,40,TGTGCAGCATGGGATGACAGCCTGATTGGTTGGGTTTTC,CAAWDDSLIGWVF,IGL,,,13,IGLV1-47,IGLV1-47;IGLV1-44,,,IGLJ3,IGLJ3;IGLJ2,IGLC7,IGLC7;IGLC2;IGLC3;IGLC6
58,0.0075698251109370925,CAGGCTGTGCTGACTCAGCCGTGTTCCCTCTCTGCATCTCCTGGAGCATCAGCCAGTCTCGCCCGCGCATACCCAGTGGCATCAATGTTGTCTCCTACAGAATATAGTGATACCAGCAGAAGACAGGGAGTCGTCCCCAGTTTCTCATGAGCAGCGCCGCATGTGGTCTTCGCCGGAGGGACCAAGGTGACCGTCCTAG,IIIIIIIIIIIIIIIIIIIIIIIIIIIIIIIIIIIIIIIIIIIIIIIIIIIIIIIIIIIIIIIIIIIIIIIIIIIIIIIIIIIIIIIIIIIIIIIIIIIIIIIIIIIIIIIIIIIIIIIIIIIIIIIIIIIIIIIIIIIIIIIIIIIIIIIIIIIIIIIIIIIIIIIIIIIIIIIIIIIIIIIIIIIIIIIIIIIIIII,,,,IGL,,,0,IGLV5-45,IGLV5-45,,,IGLJ2,IGLJ2,IGLC7,IGLC7;IGLC2;IGLC3;IGLC6
55,0.007178282432785173,CAGTCTGTGCTGACTCAGCCACCCTCAGCGTCTGGGACCCCCGGGCAGAGGGTCACCATTTCTTGTTCTGGAAGCAGCTCCAACATCGGAAGTAATGATGTACACTGGTACCAGCAGCTCCCAGGAACGGCCCCCAAACTCCTCATCTTTAGGAATGATCAGCGGCCCTCAGGGGTCCCTGACCGATTCTCTGGCTCCAAGTCTGGCACCTCAGCCTCCCTGGCCATCAGTGGGCTCCGGTCCGAGGATGAGGCTGATTATCATTGTGCAGCATGGGATGACAGCCTGAGTGGTGCTGTGTTCGGCGGAGGCACCCAGCTGACCGTCCTCG,IIIIIIIIIIIIIIIIIIIIIIIIIIIIIIIIIIIIIIIIIIIIIIIIIIIIIIIIIIIIIIIIIIIIIIIIIIIIIIIIIIIIIIIIIIIIIIIIIIIIIIIIIIIIIIIIIIIIIIIIIIIIIIIIIIIIIIIIIIIIIIIIIIIIIIIIIIIIIIIIIIIIIIIIIIIIIIIIIIIIIIIIIIIIIIIIIIIIIIIIIIIIIIIIIIIIIIIIIIIIIIIIIIIIIIIIIIIIIIIIIIIIIIIIIIIIIIIIIIIIIIIIIIIIIIIIIIIIIIIIIIIIIIIIIIIIIIIIIIIIIIIIIIIIIIIIIIIIIIIIIIIIIIIIIII,40,TGTGCAGCATGGGATGACAGCCTGAGTGGTGCTGTGTTC,CAAWDDSLSGAVF,IGL,,,13,IGLV1-47,IGLV1-47;IGLV1-44,,,IGLJ7,IGLJ7,IGLC7,IGLC7;IGLC2;IGLC3;IGLC6
54,0.007047768206734534,CAGTCTGCCCTGACTCAGCCTGCTTCCGTGTCTGGGTCTCCTGGACAGTCGATCACCATCTCCTGCACTGGAACCAGCAGTGATGTTGGAAATTATAACCTTGTCTCCTGGTACCAACAACACCCAGGCAGAGCCCCCCGACTCATGATTTATGACGTCAGTGAGCGGCCCTCAGGGGTTTCTAATCGCTTCTCTGGCTCCAAGTCTGGCAACACGGCCTCCCTGACTATCTCTCGGCTCCAGGCTGAGGACGAGGCAGCTTATTACTGCTGCTCATATGCAGGTACTAACACCCCGAATTGGGTGTTCGGCGGAGGGACCAAGCTGACCGTCCTAG,IIIIIIIIIIIIIIIIIIIIIIIIIIIIIIIIIIIIIIIIIIIIIIIIIIIIIIIIIIIIIIIIIIIIIIIIIIIIIIIIIIIIIIIIIIIIIIIIIIIIIIIIIIIIIIIIIIIIIIIIIIIIIIIIIIIIIIIIIIIIIIIIIIIIIIIIIIIIIIIIIIIIIIIIIIIIIIIIIIIIIIIIIIIIIIIIIIIIIIIIIIIIIIIIIIIIIIIIIIIIIIIIIIIIIIIIIIIIIIIIIIIIIIIIIIIIIIIIIIIIIIIIIIIIIIIIIIIIIIIIIIIIIIIIIIIIIIIIIIIIIIIIIIIIIIIIIIIIIIIIIIIIIIIIIIIIIIIII,40,TGCTGCTCATATGCAGGTACTAACACCCCGAATTGGGTGTTC,CCSYAGTNTPNWVF,IGL,,,14,IGLV2-23,IGLV2-23;IGLV2-14,,,IGLJ3,IGLJ3,IGLC7,IGLC7;IGLC2;IGLC3;IGLC6
53,0.006917253980683894,CAGTCTGCCCTGACTCAGCCTCCCTCCGTGTCCGGGTCTCCTGGACAGTCAGTCACCATCTCCTGCACTGGAACCAGCAGTGACGTTGGTGGTTATAACCGTGTCTCCTGGTACCAGCAGCCCCCAGGCACAGCCCCCAAACTCATGATTTCTGAGGTCAGTAATCGGCCCTCAGGGGTCCCTGATCGTTTCTCTGGGTCCAAGTCTGGCAACACGGCCTCCCTGACCATCTCTGGGCTCCAGACTGAGGACGAGGCTGATTATTACTGCAGCTCATATACAAGCAGCAGCACTGTGGTTTTCGGCGGAGGGACCAGGCTGACCGTCCTAG,IIIIIIIIIIIIIIIIIIIIIIIIIIIIIIIIIIIIIIIIIIIIIIIIIIIIIIIIIIIIIIIIIIIIIIIIIIIIIIIIIIIIIIIIIIIIIIIIIIIIIIIIIIIIIIIIIIIIIIIIIIIIIIIIIIIIIIIIIIIIIIIIIIIIIIIIIIIIIIIIIIIIIIIIIIIIIIIIIIIIIIIIIIIIIIIIIIIIIIIIIIIIIIIIIIIIIIIIIIIIIIIIIIIIIIIIIIIIIIIIIIIIIIIIIIIIIIIIIIIIIIIIIIIIIIIIIIIIIIIIIIIIIIIIIIIIIIIIIIIIIIIIIIIIIIIIIIIIIIIIIIIIIIIIIII,40,TGCAGCTCATATACAAGCAGCAGCACTGTGGTTTTC,CSSYTSSSTVVF,IGL,,,12,IGLV2-18,IGLV2-18,,,IGLJ2,IGLJ2;IGLJ3,IGLC7,IGLC7;IGLC2;IGLC3;IGLC6
53,0.006917253980683894,TCCTATGTGCTGACTCAGGCACCCTCGTTGTCAGTGGCCCCAGGAAAGACGGCCAGCATTACCTGTGGGGGAAACAACATTGCAACTAAAAGTGTGCACTGGTGCCAGCAGAAGCCAGGCCAGGCCCCTTTCCTGGTCGCCTATTGTGCTAGCGATCGGCCCTCAGGGATCCCTGAGGGATTCTCTGGCTCCAACTCTGGGAACACGGCCACCCTGTCCATCCGCAGGGTCGAAGCCGGGGATGAGGCCGACTATTACTGTCAGGTGTGGGATTCTACTAGGGATCAGCCGGGTGTTCGGCGGAGGGACTAGGTTGACCGTCCTAG,IIIIIIIIIIIIIIIIIIIIIIIIIIIIIIIIIIIIIIIIIIIIIIIIIIIIIIIIIIIIIIIIIIIIIIIIIIIIIIIIIIIIIIIIIIIIIIIIIIIIIIIIIIIIIIIIIIIIIIIIIIIIIIIIIIIIIIIIIIIIIIIIIIIIIIIIIIIIIIIIIIIIIIIIIIIIIIIIIIIIIIIIIIIIIIIIIIIIIIIIIIIIIIIIIIIIIIIIIIIIIIIIIIIIIIIIIIIIIIIIIIIIIIIIIIIIIIIIIIIIIIIIIIIIIIIIIIIIIIIIIIIIIIIIIIIIIIIIIIIIIIIIIIIIIIIIIIIIIIIIIIIIII,40,TGTCAGGTGTGGGATTCTACTAGGGATCAGCCGGGTGTTC,CQVWDST_GISRVF,IGL,Frame Shift,,14,IGLV3-21,IGLV3-21,,,IGLJ3,IGLJ3,IGLC7,IGLC7;IGLC2;IGLC3;IGLC6
49,0.006395197076481336,CAGTCTGCCCTGACTCAGCCTGCCTCCGTGTCTGGGTCTCCTGGACAGTCGATCACCATCTCCTGCACTGGAACCAGCAGTGATGTTGGAAATTATAACCTTGTCTCCTGGTACCAACAACACCCAGGCAGAGCCCCCCGACTCATGATTTATGACGTCAGTGAGCGGCCCTCAGGGGTTTCTAATCGCTTCTCTGGCTCCAAGTCTGGCAACACGGCCTCCCTGACTATCTCTCGGCTCCAGGCTGAGGACGAGGCAGCTTATTACTGCTGCTCATATGCAGGTACTAACACCCCGAATTGGGTGTTCGGCGGAGGGACCAAGCTGACCGTCCTAG,IIIIIIIIIIIIIIIIIIIIIIIIIIIIIIIIIIIIIIIIIIIIIIIIIIIIIIIIIIIIIIIIIIIIIIIIIIIIIIIIIIIIIIIIIIIIIIIIIIIIIIIIIIIIIIIIIIIIIIIIIIIIIIIIIIIIIIIIIIIIIIIIIIIIIIIIIIIIIIIIIIIIIIIIIIIIIIIIIIIIIIIIIIIIIIIIIIIIIIIIIIIIIIIIIIIIIIIIIIIIIIIIIIIIIIIIIIIIIIIIIIIIIIIIIIIIIIIIIIIIIIIIIIIIIIIIIIIIIIIIIIIIIIIIIIIIIIIIIIIIIIIIIIIIIIIIIIIIIIIIIIIIIIIIIIIIIIIII,40,TGCTGCTCATATGCAGGTACTAACACCCCGAATTGGGTGTTC,CCSYAGTNTPNWVF,IGL,,,14,IGLV2-23,IGLV2-23;IGLV2-14,,,IGLJ3,IGLJ3,IGLC7,IGLC7;IGLC2;IGLC3;IGLC6
49,0.006395197076481336,CAGTCTGTGCTGACGCAGCCGCCCTCAGTGTCTGGGGCCCCAGGGCAGAGGGTCACCATCTCCTGCACTGGGAGCAGCTCCAACATCGGGGCAGGTTATGATGTACACTGGTACCAGCAGCTTCCAGGAACAGCCCCCAGACTCCTCATCTATAGTAACACCAATCGGCCCTCAGGGGTCCCTGACCGATTCTCTGGCTCCAAGTCTGCCACTTCAGCCTCCCTGGCCATCACTGGTCTCCAGGCTGAGGATGAGGCTGATTATTACTGCCAGTCCTATGACAGCAGCCTGAGTGCTTCGCTATTCGGCGGAGGGACCAAGCTGACCGTCCTAA,IIIIIIIIIIIIIIIIIIIIIIIIIIIIIIIIIIIIIIIIIIIIIIIIIIIIIIIIIIIIIIIIIIIIIIIIIIIIIIIIIIIIIIIIIIIIIIIIIIIIIIIIIIIIIIIIIIIIIIIIIIIIIIIIIIIIIIIIIIIIIIIIIIIIIIIIIIIIIIIIIIIIIIIIIIIIIIIIIIIIIIIIIIIIIIIIIIIIIIIIIIIIIIIIIIIIIIIIIIIIIIIIIIIIIIIIIIIIIIIIIIIIIIIIIIIIIIIIIIIIIIIIIIIIIIIIIIIIIIIIIIIIIIIIIIIIIIIIIIIIIIIIIIIIIIIIIIIIIIIIIIIIIIIIIIIIII,40,TGCCAGTCCTATGACAGCAGCCTGAGTGCTTCGCTATTC,CQSYDSSLSASLF,IGL,,,13,IGLV1-40,IGLV1-40,,,IGLJ2,IGLJ2;IGLJ3,IGLC7,IGLC7;IGLC2;IGLC3;IGLC6
48,0.006264682850430697,CAGTCTGTGCTGACGCAGCCGCCCTCAGTGTCTGGGGCCCCAGGGCAGAGGGTCATCATCTCCTGCACTGGGAGCAACTCCAATGTCGGGGCAGGTTACGATGTACACTGGTACCAGCAGCATCCAGGAACAGCCCCCAAACTCCTCATCCATGGTAACACCAATCGGCCGTCAGGGGTCCCTGACCGATTCTCTGGCTCCAAGTCTGGCACCTCAGCCTCCCTGGCCATCACTGGGCTCCAGGCTGAGGATGAGGCTGACTATTACTGCCAGTCCTATGACAAGAGCCTAAGTGCTTATGTCTTCGGAACTGGGACCAAGGTCACCGTCCTAG,IIIIIIIIIIIIIIIIIIIIIIIIIIIIIIIIIIIIIIIIIIIIIIIIIIIIIIIIIIIIIIIIIIIIIIIIIIIIIIIIIIIIIIIIIIIIIIIIIIIIIIIIIIIIIIIIIIIIIIIIIIIIIIIIIIIIIIIIIIIIIIIIIIIIIIIIIIIIIIIIIIIIIIIIIIIIIIIIIIIIIIIIIIIIIIIIIIIIIIIIIIIIIIIIIIIIIIIIIIIIIIIIIIIIIIIIIIIIIIIIIIIIIIIIIIIIIIIIIIIIIIIIIIIIIIIIIIIIIIIIIIIIIIIIIIIIIIIIIIIIIIIIIIIIIIIIIIIIIIIIIIIIIIIIIIIIII,40,TGCCAGTCCTATGACAAGAGCCTAAGTGCTTATGTCTTC,CQSYDKSLSAYVF,IGL,,,13,IGLV1-40,IGLV1-40;IGLV1-50,,,IGLJ1,IGLJ1,IGLC1,IGLC1
45,0.005873140172278779,TCCTATGAGCTGACTCAGCCACCCTCAGTGTCCGTGTCCCCAGGACAGACAGCCAGCATCACCTGCTCTGGAGATAAATTGGGGGAAAAATTTGCTTCGTGGTATCAACAGAAGCCAGGCCAGTCCCCTGTGCTGGTCGTCTTTCAAGATACCAAGCGGCCCCCAGGGATCCCTGAGCGATTCTCTGGCTCCAACTCTGGGAACACAGCCACTCTGACCATCAGCGGGACCCAGGCTATGGATGAGGCTGACTATTACTGTCAGGCGTGGGACAGCAACACCGTGCTATTCGGCGGAGGGACCAAGCTGACCGTCCTAG,IIIIIIIIIIIIIIIIIIIIIIIIIIIIIIIIIIIIIIIIIIIIIIIIIIIIIIIIIIIIIIIIIIIIIIIIIIIIIIIIIIIIIIIIIIIIIIIIIIIIIIIIIIIIIIIIIIIIIIIIIIIIIIIIIIIIIIIIIIIIIIIIIIIIIIIIIIIIIIIIIIIIIIIIIIIIIIIIIIIIIIIIIIIIIIIIIIIIIIIIIIIIIIIIIIIIIIIIIIIIIIIIIIIIIIIIIIIIIIIIIIIIIIIIIIIIIIIIIIIIIIIIIIIIIIIIIIIIIIIIIIIIIIIIIIIIIIIIIIIIIIIIIIIIIIIIIIIIIII,40,TGTCAGGCGTGGGACAGCAACACCGTGCTATTC,CQAWDSNTVLF,IGL,,,11,IGLV3-1,IGLV3-1,,,IGLJ2,IGLJ2;IGLJ3,IGLC7,IGLC7;IGLC2;IGLC3;IGLC6
43,0.0056121117201775,TCCTATGTGCTGACTCAGCCACCCTCAGTGTCAGTGGCCCCAGGAAAGACGGCCAGGATTACCTGTGGGGGAAACAAGATTGGAAGTAAAAGTGTGCACTGGTACCAGCAGAAGCCAGGCCAGGCCCCTGTGTTGGTCATGTATTCTGATAGCGACCGGCCCTCAGGGATCCCTGAGCGATTCTCTGGCTCCAACTCTGGGAACACGGCCACCCTGACCATCAGCAGGGTCGAAGCCGGGGATGAGGCCGACTATTACTGTCAGGTTTGGGATAGTAGTCCTTATTTTGTCTTCGGAACTGGGACCAAGGTCACCGTCCTAG,IIIIIIIIIIIIIIIIIIIIIIIIIIIIIIIIIIIIIIIIIIIIIIIIIIIIIIIIIIIIIIIIIIIIIIIIIIIIIIIIIIIIIIIIIIIIIIIIIIIIIIIIIIIIIIIIIIIIIIIIIIIIIIIIIIIIIIIIIIIIIIIIIIIIIIIIIIIIIIIIIIIIIIIIIIIIIIIIIIIIIIIIIIIIIIIIIIIIIIIIIIIIIIIIIIIIIIIIIIIIIIIIIIIIIIIIIIIIIIIIIIIIIIIIIIIIIIIIIIIIIIIIIIIIIIIIIIIIIIIIIIIIIIIIIIIIIIIIIIIIIIIIIIIIIIIIIIIIIIIIII,40,TGTCAGGTTTGGGATAGTAGTCCTTATTTTGTCTTC,CQVWDSSPYFVF,IGL,,,12,IGLV3-21,IGLV3-21,,,IGLJ1,IGLJ1,IGLC1,IGLC1
42,0.00548159749412686,CAGCTTGTGCTGACTCAATCGCCCTCTGCCTCTGCCTCCCTGGGAGCCTCGGTCAAGCTCACCTGCACTCTGAGCAGTGGGCACAGCAACTACGCCATCGCATGGCATCAGCAGCAGCCAGAGAAGGGCCCTCGATACTTGATGAAGATTAACAGTGATGGCAGCCACAATAAGGGGGACGGGATCCCTGATCGCTTCTCAGGCTCCAGCTCTGGGGCTGAGCGCTACCTCACCATCTCCAGCCTCCAGTCTGAGGATGAGGCTGACTATTACTGTCAGACCTGGGGCACTGGCATTTGGGTGTTCGGCGGAGGGACCAAGCTGACCGTCCTAG,IIIIIIIIIIIIIIIIIIIIIIIIIIIIIIIIIIIIIIIIIIIIIIIIIIIIIIIIIIIIIIIIIIIIIIIIIIIIIIIIIIIIIIIIIIIIIIIIIIIIIIIIIIIIIIIIIIIIIIIIIIIIIIIIIIIIIIIIIIIIIIIIIIIIIIIIIIIIIIIIIIIIIIIIIIIIIIIIIIIIIIIIIIIIIIIIIIIIIIIIIIIIIIIIIIIIIIIIIIIIIIIIIIIIIIIIIIIIIIIIIIIIIIIIIIIIIIIIIIIIIIIIIIIIIIIIIIIIIIIIIIIIIIIIIIIIIIIIIIIIIIIIIIIIIIIIIIIIIIIIIIIIIIIIIIIIII,40,TGTCAGACCTGGGGCACTGGCATTTGGGTGTTC,CQTWGTGIWVF,IGL,,,11,IGLV4-69,IGLV4-69,,,IGLJ3,IGLJ3,IGLC7,IGLC7;IGLC2;IGLC3;IGLC6
39,0.005090054815974941,CAGTCTGCCCTGACTCAGCCTGCCTCCGTGTCTGGGTCTCCTGGACAGTCGATCACCATCTCCTGCACTGGAACCAGCGGTGATGTTGGGAGTTATGACCTTGTCTCCTGGTACCAACAGCACCCAGGCAAAGCCCCCAAACTCCTGATTTTTGAGGTCAGAAAGCGGCCCTCAGGGGTTTCTAATCGCTTCTCTGGCTCCAAGTCTGGCAACATGGCCTCCCTGACAATCTCTGGGCTCCAGGCTGAGGACGAGGCTGATTATTACTGCTGCTCATATGCAGGTAGTAGCACTTTTTATGTCTTCGGAACTGGGACCAAGGTCACCGTCCTAG,IIIIIIIIIIIIIIIIIIIIIIIIIIIIIIIIIIIIIIIIIIIIIIIIIIIIIIIIIIIIIIIIIIIIIIIIIIIIIIIIIIIIIIIIIIIIIIIIIIIIIIIIIIIIIIIIIIIIIIIIIIIIIIIIIIIIIIIIIIIIIIIIIIIIIIIIIIIIIIIIIIIIIIIIIIIIIIIIIIIIIIIIIIIIIIIIIIIIIIIIIIIIIIIIIIIIIIIIIIIIIIIIIIIIIIIIIIIIIIIIIIIIIIIIIIIIIIIIIIIIIIIIIIIIIIIIIIIIIIIIIIIIIIIIIIIIIIIIIIIIIIIIIIIIIIIIIIIIIIIIIIIIIIIIIIIIII,40,TGCTGCTCATATGCAGGTAGTAGCACTTTTTATGTCTTC,CCSYAGSSTFYVF,IGL,,,13,IGLV2-23,IGLV2-23,,,IGLJ1,IGLJ1,IGLC1,IGLC1
38,0.004959540589924301,CACTCTGTGTTGACGCAGCCGCCCTCAGTGTCTGCGGCCCCAGGACAGAAGGTCACCATCTCCTGCTCCGGAAGCAGCTCCAACATTGAGAATAATTATGTATCCTGGTACCAGCAGGTCCCAGGAACAGCCCCCAAACTCCTCATTTATGACAATAATAAGCGACCCTCAGGAATTCCTGACCGATTCTCTGCCTCCAAGTCTGGCACGTCAGCCACCCTGGGCATCACCGGACTCCAGACTGGGGACGAGGCCGATTATTTCTGCGGAGCGTGGGATAGCAGCCTGAGTGGTTTGGTTTTCGGCGGAGGGACCAAGCTGACCGTCCTTG,IIIIIIIIIIIIIIIIIIIIIIIIIIIIIIIIIIIIIIIIIIIIIIIIIIIIIIIIIIIIIIIIIIIIIIIIIIIIIIIIIIIIIIIIIIIIIIIIIIIIIIIIIIIIIIIIIIIIIIIIIIIIIIIIIIIIIIIIIIIIIIIIIIIIIIIIIIIIIIIIIIIIIIIIIIIIIIIIIIIIIIIIIIIIIIIIIIIIIIIIIIIIIIIIIIIIIIIIIIIIIIIIIIIIIIIIIIIIIIIIIIIIIIIIIIIIIIIIIIIIIIIIIIIIIIIIIIIIIIIIIIIIIIIIIIIIIIIIIIIIIIIIIIIIIIIIIIIIIIIIIIIIIIIIIII,40,TGCGGAGCGTGGGATAGCAGCCTGAGTGGTTTGGTTTTC,CGAWDSSLSGLVF,IGL,,,13,IGLV1-51,IGLV1-51,,,IGLJ2,IGLJ2;IGLJ3,IGLC7,IGLC7;IGLC2;IGLC3;IGLC6
38,0.004959540589924301,CAGTCTGTGCTGACTCAGCCACCCTCAGCGTCTGGGACCCCCGGGCAGAGGGTCGCCATCTCTTGTTCTGGAAGCAACTCCAACATCGGGAGTAACTCTGTACACTGGTACCAGCAGGTCCCAGGAACGGCCCCCAAACTCCTCATCTATAGGCATAATCAGCGGCCCTCAGGGGTCCCTGACCGATTCTCTGGCTCCAAGTCTGGCACCTCAGCCTCCCTGGCCATCAGTGGGCTCCGGTCCGAGGATGAGGCTGATTATTACTGTGCATCATGGGATGACAGCCTGAGTGGTGTGATATTCGGCGGAGGGACCCAGCTGACCGTCCTAG,IIIIIIIIIIIIIIIIIIIIIIIIIIIIIIIIIIIIIIIIIIIIIIIIIIIIIIIIIIIIIIIIIIIIIIIIIIIIIIIIIIIIIIIIIIIIIIIIIIIIIIIIIIIIIIIIIIIIIIIIIIIIIIIIIIIIIIIIIIIIIIIIIIIIIIIIIIIIIIIIIIIIIIIIIIIIIIIIIIIIIIIIIIIIIIIIIIIIIIIIIIIIIIIIIIIIIIIIIIIIIIIIIIIIIIIIIIIIIIIIIIIIIIIIIIIIIIIIIIIIIIIIIIIIIIIIIIIIIIIIIIIIIIIIIIIIIIIIIIIIIIIIIIIIIIIIIIIIIIIIIIIIIIIIIII,40,TGTGCATCATGGGATGACAGCCTGAGTGGTGTGATATTC,CASWDDSLSGVIF,IGL,,,13,IGLV1-47,IGLV1-47;IGLV1-44,,,IGLJ2,IGLJ2;IGLJ3,IGLC7,IGLC7;IGLC2;IGLC3;IGLC6
36,0.004698512137823023,CAGTCTGTGCTGACGCAGCCGCCCTCAGTGTCTGGGGCCCCAGGGCAGAGGGTCACCATCTCCTGCACTGGGAGCAGCTCCAACATCGGGGCAGGTTTTCATGTGAACTGGTACCGGCAAGTTCCAGGAACAGCCCCCCAAGTCTTCATCTATGATACCACCAATCGGCCCTCAGGGGTCCCTGACCGATTCTCTGGCTCCAAGTCTGGCACCTCAGCCTCCCTGGCCATCACTGGGCTCCAGGCTGACGATGAGGCTGATTATTACTGCCAGTCATATGACAGCAGCCTGAGTGGTTGGGTGTTCGGCGGAGGGACCAAGCTGACCGTCCTAG,IIIIIIIIIIIIIIIIIIIIIIIIIIIIIIIIIIIIIIIIIIIIIIIIIIIIIIIIIIIIIIIIIIIIIIIIIIIIIIIIIIIIIIIIIIIIIIIIIIIIIIIIIIIIIIIIIIIIIIIIIIIIIIIIIIIIIIIIIIIIIIIIIIIIIIIIIIIIIIIIIIIIIIIIIIIIIIIIIIIIIIIIIIIIIIIIIIIIIIIIIIIIIIIIIIIIIIIIIIIIIIIIIIIIIIIIIIIIIIIIIIIIIIIIIIIIIIIIIIIIIIIIIIIIIIIIIIIIIIIIIIIIIIIIIIIIIIIIIIIIIIIIIIIIIIIIIIIIIIIIIIIIIIIIIIIIII,40,TGCCAGTCATATGACAGCAGCCTGAGTGGTTGGGTGTTC,CQSYDSSLSGWVF,IGL,,,13,IGLV1-40,IGLV1-40;IGLV1-50,,,IGLJ3,IGLJ3,IGLC7,IGLC7;IGLC2;IGLC3;IGLC6
36,0.004698512137823023,CAGTCTGCCCTGACTCAGCCTGCCTCCGTGTCTGGGTCTCCTGGACAGTCGATCACCATCTCCTGCACTGGAAGCAGCAGTGACATTGGTTTTTATAACTATGTCTCCTGGTTCCAACACCACCCAGGCAAAGCCCCCAGACTCGTGATTTATGAGGTCAGTAAGCGGCCCTCAGGGGTTTCTGATCGCTTCTCTGGCTCCAAGTCTGGCAACACGGCCTCCCTGACCATCTCTGGGCTCCAGGCTGAGGACGAGGCTGATTATTACTGCAGCTCATATACAAGCAGCAGCACTTGGGTGTTCGGCGGAGGGACCAGGCTGGCCGTCCTAG,IIIIIIIIIIIIIIIIIIIIIIIIIIIIIIIIIIIIIIIIIIIIIIIIIIIIIIIIIIIIIIIIIIIIIIIIIIIIIIIIIIIIIIIIIIIIIIIIIIIIIIIIIIIIIIIIIIIIIIIIIIIIIIIIIIIIIIIIIIIIIIIIIIIIIIIIIIIIIIIIIIIIIIIIIIIIIIIIIIIIIIIIIIIIIIIIIIIIIIIIIIIIIIIIIIIIIIIIIIIIIIIIIIIIIIIIIIIIIIIIIIIIIIIIIIIIIIIIIIIIIIIIIIIIIIIIIIIIIIIIIIIIIIIIIIIIIIIIIIIIIIIIIIIIIIIIIIIIIIIIIIIIIIIIIII,40,TGCAGCTCATATACAAGCAGCAGCACTTGGGTGTTC,CSSYTSSSTWVF,IGL,,,12,IGLV2-14,IGLV2-14;IGLV2-23;IGLV2-8,,,IGLJ3,IGLJ3,IGLC7,IGLC7;IGLC2;IGLC3;IGLC6
35,0.004567997911772383,CAGTCTGTGCTGACGCAGCCGCCCTCAGTGTCTGGGGCCCCAGGGCAGAGGGTCACCATCTCCTGCACTGGGAGCAGCTCCAGGATCGGGGCAGGTTATGATGTACACTGGTACCAGCAACTTCCAGGAACAGCCCCCAAACTCCTCATCTATGGTAACAACAAGCGGCCCTCAGGGGTCCCTGACCGATTCTCTGGCTCCAAGTCTGGCACCTCAGCCTCCCTGGCCATCACTGGCCTCCAGGCTGAGGATGAGGCTGATTATTACTGCCAGTCCTATGACAGCACCCTGCGTGTCTTATTCGGCGGAGGGACCAAGCTGACCGTCCTAG,IIIIIIIIIIIIIIIIIIIIIIIIIIIIIIIIIIIIIIIIIIIIIIIIIIIIIIIIIIIIIIIIIIIIIIIIIIIIIIIIIIIIIIIIIIIIIIIIIIIIIIIIIIIIIIIIIIIIIIIIIIIIIIIIIIIIIIIIIIIIIIIIIIIIIIIIIIIIIIIIIIIIIIIIIIIIIIIIIIIIIIIIIIIIIIIIIIIIIIIIIIIIIIIIIIIIIIIIIIIIIIIIIIIIIIIIIIIIIIIIIIIIIIIIIIIIIIIIIIIIIIIIIIIIIIIIIIIIIIIIIIIIIIIIIIIIIIIIIIIIIIIIIIIIIIIIIIIIIIIIIIIIIIIIIII,40,TGCCAGTCCTATGACAGCACCCTGCGTGTCTTATTC,CQSYDSTLRVLF,IGL,,,12,IGLV1-40,IGLV1-40;IGLV1-50,,,IGLJ2,IGLJ2;IGLJ3,IGLC7,IGLC7;IGLC2;IGLC3;IGLC6
35,0.004567997911772383,CAGTCTGCCCTGACTCAGCCTCGCTCAGTGTCCGGGTCTCCTGGACAATCAGTCACCATCTCCTGCACTGGAACCAGCAGTGATGTTGGTGGTCATAACCGTGTCTCCTGGTACCAACAGCACCCAGGCAAAGCCCCCAAAGTCATGATCTATGATGTCAGTAAGCGGCCCTCAGGGGTCCCTGATCGCTTCTCTGGCGCCAAGTCTGGCAACACGGCCTCCCTGACCATCTCTGGGCTCCAGGCTGAGGATGAGGCTGATTATTACTGCTGCTCATATGCAGGCAGCCCTTATGTCTTCGGAATTGGGACCAAGGTCACCGTCCTAG,IIIIIIIIIIIIIIIIIIIIIIIIIIIIIIIIIIIIIIIIIIIIIIIIIIIIIIIIIIIIIIIIIIIIIIIIIIIIIIIIIIIIIIIIIIIIIIIIIIIIIIIIIIIIIIIIIIIIIIIIIIIIIIIIIIIIIIIIIIIIIIIIIIIIIIIIIIIIIIIIIIIIIIIIIIIIIIIIIIIIIIIIIIIIIIIIIIIIIIIIIIIIIIIIIIIIIIIIIIIIIIIIIIIIIIIIIIIIIIIIIIIIIIIIIIIIIIIIIIIIIIIIIIIIIIIIIIIIIIIIIIIIIIIIIIIIIIIIIIIIIIIIIIIIIIIIIIIIIIIIIIIIIIII,40,TGCTGCTCATATGCAGGCAGCCCTTATGTCTTC,CCSYAGSPYVF,IGL,,,11,IGLV2-11,IGLV2-11,,,IGLJ1,IGLJ1,IGLC1,IGLC1
32,0.004176455233620465,CAGTCTGTGCTGACTCAGCCACCCTCAGCGTCTGGGACCCCCGGGCAGAGGGTCACCATCTCTTGTTCTGGAAGCAGCTCCAACATCGGAAGTCATTATGTATTCTGGTACCAGCAGCTCCCAGGAACGGCCCCCAAAATCCTCATCTATAGAAGTGATCAGCGGCCCTCAGGGGTCCCTGACCGATTCTCTGGCTCCAAGTCTGGCACCTCAGCCTCCCTGGCCATCAGTGGGCTCCGGTCCGAGGATGAGGCTGATTATTACTGTTCTTCATGGGATGACAGCCTGAGTGGTTGGGAGTTCGGCGGAGGGACCAAGCTGACCGTCCTTG,IIIIIIIIIIIIIIIIIIIIIIIIIIIIIIIIIIIIIIIIIIIIIIIIIIIIIIIIIIIIIIIIIIIIIIIIIIIIIIIIIIIIIIIIIIIIIIIIIIIIIIIIIIIIIIIIIIIIIIIIIIIIIIIIIIIIIIIIIIIIIIIIIIIIIIIIIIIIIIIIIIIIIIIIIIIIIIIIIIIIIIIIIIIIIIIIIIIIIIIIIIIIIIIIIIIIIIIIIIIIIIIIIIIIIIIIIIIIIIIIIIIIIIIIIIIIIIIIIIIIIIIIIIIIIIIIIIIIIIIIIIIIIIIIIIIIIIIIIIIIIIIIIIIIIIIIIIIIIIIIIIIIIIIIIII,40,TGTTCTTCATGGGATGACAGCCTGAGTGGTTGGGAGTTC,CSSWDDSLSGWEF,IGL,,,13,IGLV1-47,IGLV1-47;IGLV1-44,,,IGLJ3,IGLJ3;IGLJ2,IGLC7,IGLC7;IGLC2;IGLC3;IGLC6
29,0.0037849125554685462,CAGTCTGTACTGACGCAGCCGCCCTCAGTGTCTGGGGCCCCAGGGCAGGGGGTCACCATCTCCTGCACTGGGAGCAGCTCCAACATCGGGGCAGGTTACGATGTGCACTGGTACCAGCAGACGCCAGGAACCGCCCCCAAACTGCTCATCCATAGTAACACGAAACGGCCCTCAGGGGTCCCTGACCGAATCTCTGGCTCCAAGTCTGGCACCTCAGCCTCCCTGGCCATCACTGGGCTCCAGGCTGACGATGAGGCTGAATATTACTGCCAGTCCTATGACAACACCCTGAGTGGTGTGGTAATCGGCGGAGGGACCAAACTGACCGTCCTGG,IIIIIIIIIIIIIIIIIIIIIIIIIIIIIIIIIIIIIIIIIIIIIIIIIIIIIIIIIIIIIIIIIIIIIIIIIIIIIIIIIIIIIIIIIIIIIIIIIIIIIIIIIIIIIIIIIIIIIIIIIIIIIIIIIIIIIIIIIIIIIIIIIIIIIIIIIIIIIIIIIIIIIIIIIIIIIIIIIIIIIIIIIIIIIIIIIIIIIIIIIIIIIIIIIIIIIIIIIIIIIIIIIIIIIIIIIIIIIIIIIIIIIIIIIIIIIIIIIIIIIIIIIIIIIIIIIIIIIIIIIIIIIIIIIIIIIIIIIIIIIIIIIIIIIIIIIIIIIIIIIIIIIIIIIIIIII,40,TGCCAGTCCTATGACAACACCCTGAGTGGTGTGGTAATC,CQSYDNTLSGVVI,IGL,,,13,IGLV1-40,IGLV1-40;IGLV1-50,,,IGLJ2,IGLJ2,IGLC7,IGLC7;IGLC2;IGLC3;IGLC6
25,0.003262855651265988,CAGTCTGCCCTGACTCAGCCTCCCTCCGCGTCCGGGTCTCCTGGACAGTCAGTCACCATCTCCTGCACTGGAACCAGCAGTGACATTGGTGGTTATAACTATGTGTCCAGGTACCACCAGCACCCAGGCAAAGCCCCCAAAGTCAAGATTTATGAGGTCAGTAAGCGGCCCTCAGGGGTCCCTGATCGCTTCTCTGGCTCCTAGCCTGGCAACACGGCCTCCCTGACCGTCTCTGGGCTCCAGGCTGAGGATGAGCCTGATTATTACTGAAACTCATATGCAGGCAACAACGGGGTATTCGGCGGAGGGACCAAGCTGACCGTCCTAG,IIIIIIIIIIIIIIIIIIIIIIIIIIIIIIIIIIIIIIIIIIIIIIIIIIIIIIIIIIIIIIIIIIIIIIIIIIIIIIIIIIIIIIIIIIIIIIIIIIIIIIIIIIIIIIIIIIIIIIIIIIIIIIIIIIIIIIIIIIIIIIIIIIIIIIIIIIIIIIIIIIIIIIIIIIIIIIIIIIIIIIIIIIIIIIIIIIIIIIIIIIIIIIIIIIIIIIIIIIIIIIIIIIIIIIIIIIIIIIIIIIIIIIIIIIIIIIIIIIIIIIIIIIIIIIIIIIIIIIIIIIIIIIIIIIIIIIIIIIIIIIIIIIIIIIIIIIIIIIIIIIIIIIII,40,TGAAACTCATATGCAGGCAACAACGGGGTATTC,*NSYAGNNGVF,IGL,,Stop Codon,11,IGLV2-8,IGLV2-8;IGLV2-11,,,IGLJ2,IGLJ2;IGLJ3,IGLC7,IGLC7;IGLC2;IGLC3;IGLC6
22,0.0028713129731140694,CAGTCTGTGCTGACGCAGCCGCCCTCAGTGTCTGGGGCCCCAGGGCAGAGGGTCACCATCTCCTGCACTGGGAGCACCTCCAACATCGGGGCAGGTTTTCATGTGAACTGGTACCGGCAGCTTCCAGGAACAGCCCCCCAAGTCTTCATCTATGATACCAGCAATCGGCCCTCAGGGGTCCCTGACCGATTCTCTGGCTCCAAGTCTGGCACCTCAGCCTCCCTGGCCATCACTGGGCTCCAGGCTGACGATGAGGCTGATTATTACTGCCAGTCATATGACAGCAGCCTGAGTAGTTGGGTGTTCGGCGGAGGGACCAAGCTGACCGTCCTAG,IIIIIIIIIIIIIIIIIIIIIIIIIIIIIIIIIIIIIIIIIIIIIIIIIIIIIIIIIIIIIIIIIIIIIIIIIIIIIIIIIIIIIIIIIIIIIIIIIIIIIIIIIIIIIIIIIIIIIIIIIIIIIIIIIIIIIIIIIIIIIIIIIIIIIIIIIIIIIIIIIIIIIIIIIIIIIIIIIIIIIIIIIIIIIIIIIIIIIIIIIIIIIIIIIIIIIIIIIIIIIIIIIIIIIIIIIIIIIIIIIIIIIIIIIIIIIIIIIIIIIIIIIIIIIIIIIIIIIIIIIIIIIIIIIIIIIIIIIIIIIIIIIIIIIIIIIIIIIIIIIIIIIIIIIIIIII,40,TGCCAGTCATATGACAGCAGCCTGAGTAGTTGGGTGTTC,CQSYDSSLSSWVF,IGL,,,13,IGLV1-40,IGLV1-40;IGLV1-50,,,IGLJ3,IGLJ3,IGLC7,IGLC7;IGLC2;IGLC3;IGLC6
22,0.0028713129731140694,CAGTCTGCCCTGACTCAGCCTGCCTCCGTGTCTGGGTCTCCTGGACAGTCGATCACCGTCTCCTGCGCTGGAACCAGCAGTGATGTTGGGAGTTATAAACTTGTCTCATGGTACCAACAGCACCCAGGCAGAGCCCCCAAACTCATGATTTATGACGTCAGTGAGCGGCCCTCAGGGGTTTCTAATCGCTTCTCTGGCTCCAAGTCTGGCAACAGGGCCTCCCTGACAATCTCTGGGCTCCAGGCTGAGGACGAGGCTGATTATTACTGCTGCTCATATGCAGGTAGTAGCACTTGGGTGTTCGGCGGAGGGACCAAGGTGACCGTCCTAG,IIIIIIIIIIIIIIIIIIIIIIIIIIIIIIIIIIIIIIIIIIIIIIIIIIIIIIIIIIIIIIIIIIIIIIIIIIIIIIIIIIIIIIIIIIIIIIIIIIIIIIIIIIIIIIIIIIIIIIIIIIIIIIIIIIIIIIIIIIIIIIIIIIIIIIIIIIIIIIIIIIIIIIIIIIIIIIIIIIIIIIIIIIIIIIIIIIIIIIIIIIIIIIIIIIIIIIIIIIIIIIIIIIIIIIIIIIIIIIIIIIIIIIIIIIIIIIIIIIIIIIIIIIIIIIIIIIIIIIIIIIIIIIIIIIIIIIIIIIIIIIIIIIIIIIIIIIIIIIIIIIIIIIIIIII,40,TGCTGCTCATATGCAGGTAGTAGCACTTGGGTGTTC,CCSYAGSSTWVF,IGL,,,12,IGLV2-23,IGLV2-23;IGLV2-14,,,IGLJ3,IGLJ3,IGLC7,IGLC7;IGLC2;IGLC3;IGLC6
22,0.0028713129731140694,CAGGCAGGGCTGACTCAGCCACCCTCGGTGTCCAAGGGCTTGAGACAGACCGCCACACTCACCTGCACTGGGAACAGCAACAATGTTGGCAACCAAGGAGCAGCTTGGCTGCAGCAGCACCAGGGCCACCCTCCCAAACTCCTATCCTACAGGAATAACAACCGGCCCTCAGGGATCTCAGAGAGATTCTCTGCATCCAGGTCAGGAAACACAGCCTCCCTGACCATTACTGGACTCCAGCCTGAGGACGAGGCTGACTATTACTGCTCAGCATGGGACAGCAGCCTCAGTGAGGGAGTCTTCGGAACTGGGACCAAGGTCACCGTCCTAG,IIIIIIIIIIIIIIIIIIIIIIIIIIIIIIIIIIIIIIIIIIIIIIIIIIIIIIIIIIIIIIIIIIIIIIIIIIIIIIIIIIIIIIIIIIIIIIIIIIIIIIIIIIIIIIIIIIIIIIIIIIIIIIIIIIIIIIIIIIIIIIIIIIIIIIIIIIIIIIIIIIIIIIIIIIIIIIIIIIIIIIIIIIIIIIIIIIIIIIIIIIIIIIIIIIIIIIIIIIIIIIIIIIIIIIIIIIIIIIIIIIIIIIIIIIIIIIIIIIIIIIIIIIIIIIIIIIIIIIIIIIIIIIIIIIIIIIIIIIIIIIIIIIIIIIIIIIIIIIIIIIIIIIIIIII,40,TGCTCAGCATGGGACAGCAGCCTCAGTGAGGGAGTCTTC,CSAWDSSLSEGVF,IGL,,,13,IGLV10-54,IGLV10-54,,,IGLJ1,IGLJ1,IGLC1,IGLC1
20,0.0026102845210127902,TCCTATGTGCTGACTCAGCCACCCTCAGTGTCAGTGGCCCCAGGAGAGACGGCCAGGATTACCTGTGGGGGAGACAACATTGGAAGTAAAAGTGTGCGCTGGTACCAGCAGAAGCCAGGCCAGGCCCCTATTCTGGTCATCTATTCTGATATCGAACGGCCCTCAGGGATCCCTGAGCGATTCTCTGCCTCCAACTCTGGGAACACGGCCACCCTGACCATCAGCAGGGTCGAAGCCGGGGATGAGGCCGACTATTACTGTCAGGTGTGGGATAGGAGTAGTGATCATTATGTCTTCGGAACTGGGACCAAGGTCACCGTCCTAG,IIIIIIIIIIIIIIIIIIIIIIIIIIIIIIIIIIIIIIIIIIIIIIIIIIIIIIIIIIIIIIIIIIIIIIIIIIIIIIIIIIIIIIIIIIIIIIIIIIIIIIIIIIIIIIIIIIIIIIIIIIIIIIIIIIIIIIIIIIIIIIIIIIIIIIIIIIIIIIIIIIIIIIIIIIIIIIIIIIIIIIIIIIIIIIIIIIIIIIIIIIIIIIIIIIIIIIIIIIIIIIIIIIIIIIIIIIIIIIIIIIIIIIIIIIIIIIIIIIIIIIIIIIIIIIIIIIIIIIIIIIIIIIIIIIIIIIIIIIIIIIIIIIIIIIIIIIIIIIIIIIIII,40,TGTCAGGTGTGGGATAGGAGTAGTGATCATTATGTCTTC,CQVWDRSSDHYVF,IGL,,,13,IGLV3-21,IGLV3-21,,,IGLJ1,IGLJ1,IGLC1,IGLC1
17,0.002218741842860872,CAGTCTGCCCTGACTCAGCCTCGCTCAGTGTCCGGGTCTCCTGGACATTCAGTCACCATCTCCTGCAGTGGAACCAACAGTGATGTTGGTGGTTATAACTCTGTCTCCTGGTACCAACACCACCCAGGCAAAGCCCCCAAACTCTTGATTTATGATGTCAATGAGCGGCCCTCGGGGGTCCCTGATCGCTTCTCTGGCTCCAAGTCTGGCAACTCGGCCTCCCTGACCATCTCTGGGCTCCAGGCTGAGGATGAGGCTGAGTATTACTGCTGCTCATATGCAGGCACCTACACTTATGTCTTTGGAAAAGGGACCACGGTCACCGTCCTAG,IIIIIIIIIIIIIIIIIIIIIIIIIIIIIIIIIIIIIIIIIIIIIIIIIIIIIIIIIIIIIIIIIIIIIIIIIIIIIIIIIIIIIIIIIIIIIIIIIIIIIIIIIIIIIIIIIIIIIIIIIIIIIIIIIIIIIIIIIIIIIIIIIIIIIIIIIIIIIIIIIIIIIIIIIIIIIIIIIIIIIIIIIIIIIIIIIIIIIIIIIIIIIIIIIIIIIIIIIIIIIIIIIIIIIIIIIIIIIIIIIIIIIIIIIIIIIIIIIIIIIIIIIIIIIIIIIIIIIIIIIIIIIIIIIIIIIIIIIIIIIIIIIIIIIIIIIIIIIIIIIIIIIIIIIII,40,TGCTGCTCATATGCAGGCACCTACACTTATGTCTTT,CCSYAGTYTYVF,IGL,,,12,IGLV2-11,IGLV2-11,,,IGLJ1,IGLJ1,IGLC1,IGLC1
16,0.0020882276168102325,CAGTCTGTGCTGACGCAGCCGCCCTCAGTGTCTGGGGCCCCAGGGCAGAGGGTCGCCATCTCCTGCACTGGGAGCAGCTCCAATATCGGGGCACCTTACGATGTACACTGGTACCAGGTGCATCCAGGAACAGCCCCCAAACTCCTCATCCATGGTAACAACAATCGGCCCTCAGGGGTCCCTGACCGATTCTCTGGCTCCAAGTCTGGCACCTCAGCCTCCCTGGCCATCACTGGGCTCCAGGCTGAGGATGAGGCTGATTATTACTGCCAGTCCTATGACAGCAGCCTGAGTGCTTATGTCTTCGGAACTGGGACCAAGGTCACCGTCCTAG,IIIIIIIIIIIIIIIIIIIIIIIIIIIIIIIIIIIIIIIIIIIIIIIIIIIIIIIIIIIIIIIIIIIIIIIIIIIIIIIIIIIIIIIIIIIIIIIIIIIIIIIIIIIIIIIIIIIIIIIIIIIIIIIIIIIIIIIIIIIIIIIIIIIIIIIIIIIIIIIIIIIIIIIIIIIIIIIIIIIIIIIIIIIIIIIIIIIIIIIIIIIIIIIIIIIIIIIIIIIIIIIIIIIIIIIIIIIIIIIIIIIIIIIIIIIIIIIIIIIIIIIIIIIIIIIIIIIIIIIIIIIIIIIIIIIIIIIIIIIIIIIIIIIIIIIIIIIIIIIIIIIIIIIIIIIIII,40,TGCCAGTCCTATGACAGCAGCCTGAGTGCTTATGTCTTC,CQSYDSSLSAYVF,IGL,,,13,IGLV1-40,IGLV1-40;IGLV1-50,,,IGLJ1,IGLJ1,IGLC1,IGLC1
13,0.0016966849386583138,CAGTCTGTACTGACGCAGCCGCCCTCAGTGTCTGGGGCCCCAGGGCAGAGGGTCACCATCTCCTGCACTGGGAGCAGCTCCAACATCGGGGCAGGTTACGATGTGCACTGGTACCAGCAGACGCCAGGAACCGCCCCCAAACTGCTCATCCATAGTAACACGAAACGGCCCTCAGGGGTCCCTGACCGAATCTCTGGCTCCAAGTCTGGCACCTCAGCCTCCCTGGCCATCACTGGGCTCCAGGCTGACGATGAGGCTGAATATTACTGCCAGTCCTATGACAACACCCTGAGTGGTGTGGTAATCGGCGGAGGGACCAAACTGACCGTCCTGG,IIIIIIIIIIIIIIIIIIIIIIIIIIIIIIIIIIIIIIIIIIIIIIIIIIIIIIIIIIIIIIIIIIIIIIIIIIIIIIIIIIIIIIIIIIIIIIIIIIIIIIIIIIIIIIIIIIIIIIIIIIIIIIIIIIIIIIIIIIIIIIIIIIIIIIIIIIIIIIIIIIIIIIIIIIIIIIIIIIIIIIIIIIIIIIIIIIIIIIIIIIIIIIIIIIIIIIIIIIIIIIIIIIIIIIIIIIIIIIIIIIIIIIIIIIIIIIIIIIIIIIIIIIIIIIIIIIIIIIIIIIIIIIIIIIIIIIIIIIIIIIIIIIIIIIIIIIIIIIIIIIIIIIIIIIIIII,40,TGCCAGTCCTATGACAACACCCTGAGTGGTGTGGTAATC,CQSYDNTLSGVVI,IGL,,,13,IGLV1-40,IGLV1-40,,,IGLJ2,IGLJ2;IGLJ3,IGLC7,IGLC7;IGLC2;IGLC3;IGLC6
12,0.0015661707126076742,CAGTCTGTCTTGACGCAGCCGCCCTCAGTGTCTGCGGCCCCAGGGCAGCACGTCACCATCTCCTGCTCTGGAAGCAGCTCCAACGTTGGAAAGAATTATGTGTCCTGGTATCAACAGGTCCCAGGAACAGCCCCCAAGCTCCTCATTTATGACAATCATAAGCGACCCTCAGGGATTCCTGACCGATTCTCTGGCTCCAAGTCTGGCACGTCAGCCACCCTGGGCATCACCGGACTCCAGACTGGGGACGAGGCCGATTATTACTGCGGAACATGGGATGACAGCCTGACTCTTGGGGTGTTCGGCGGAGGGACCAAGCTGACCGTCCTAG,IIIIIIIIIIIIIIIIIIIIIIIIIIIIIIIIIIIIIIIIIIIIIIIIIIIIIIIIIIIIIIIIIIIIIIIIIIIIIIIIIIIIIIIIIIIIIIIIIIIIIIIIIIIIIIIIIIIIIIIIIIIIIIIIIIIIIIIIIIIIIIIIIIIIIIIIIIIIIIIIIIIIIIIIIIIIIIIIIIIIIIIIIIIIIIIIIIIIIIIIIIIIIIIIIIIIIIIIIIIIIIIIIIIIIIIIIIIIIIIIIIIIIIIIIIIIIIIIIIIIIIIIIIIIIIIIIIIIIIIIIIIIIIIIIIIIIIIIIIIIIIIIIIIIIIIIIIIIIIIIIIIIIIIIIII,40,TGCGGAACATGGGATGACAGCCTGACTCTTGGGGTGTTC,CGTWDDSLTLGVF,IGL,,,13,IGLV1-51,IGLV1-51,,,IGLJ3,IGLJ3;IGLJ2,IGLC7,IGLC7;IGLC2;IGLC3;IGLC6
5,6.525711302531976E-4,TCCTATGAGCTGACACAGCCACCCTCGGTGTCAGTGTCCCCAGGACAGACGGCCAGGATCACCTGCTCTGGAGATGCATTGTCAAAGCAATATGCTTATTGGTACCAGCAGAAGCCAGGCCAGGCCCCTGTGTTGGTGATATATAAAGACAGTGAGAGGCCCTCAGGGATCCCTGAGCGATTCTCTGGCTCCAGCTCAGGGACAACAGTCACGTTGACCATCAGTGGAGTCCAGGCAGAAGATGAGGCTGACTATTACTGTCAATCAGCAGACAGCAGTGGTACTGTGGTATTCGGCGGAGGGACCAAGCTGACCGTCCTGG,IIIIIIIIIIIHIIIIIIIIIIIIIIIIIIIIIIIIIIIIIIIIIIIIIIIIIIIIIIIIIIIIIIIIIIIIIIIIIIIIIIIIIIIIIIIIIIIIIIIIIIIIIIIIIIIIIIIIIIIIIIIIIIIIIIIIIIIIIIIIIIIIIIIIIIIIIIIIIIIIIIIIIIIIIIIIIIIIIIIIIIIIIIIIIIIIIIIIIIIIIIIIIIIIIIIIIIIIIIIIIIIIIIIIIIIIIIIIIIIIIIIIIIIIIIIIIIIIIIIIIIIIIIIIIIIIIIIIIIIIIIIIIIIIIIIIIIIIIIIIIIIIIIIIIIIIIIIIIIIIII,40,TGTCAATCAGCAGACAGCAGTGGTACTGTGGTATTC,CQSADSSGTVVF,IGL,,,12,IGLV3-25,IGLV3-25,,,IGLJ2,IGLJ2;IGLJ3,IGLC7,IGLC7;IGLC2;IGLC3;IGLC6
